Name,Team,Position,Appearances,Clean sheets,Goals Conceded,Tackles,Tackle success %,Last man tackles,Blocked shots,Interceptions,Clearances,Headed Clearance,Clearances off line,Recoveries,Duels won,Duels lost,Successful 50/50s,Aerial battles won,Aerial battles lost,Own goals,Errors leading to goal,Assists,Passes,Passes per match,Big Chances Created,Crosses,Cross accuracy %,Through balls,Accurate long balls,Yellow cards,Red cards,Fouls,Offsides,Goals,Headed goals,Goals with right foot,Goals with left foot,Hit woodwork,Goals per match,Penalties scored,Freekicks scored,Shots,Shots on target,Shooting accuracy %,Big chances missed,Saves,Penalties Saved,Punches,High Claims,Catches,Sweeper clearances,Throw outs,Goal Kicks
Tammy Abraham,Chelsea,Forward,22,,,7,,,5,5,17,14,,,,,,,,,,1,205,9.32,1,6,,,,0,0,22,4,6,0,4,1,0,0.27,0,0,32,13,41%,4,,,,,,,,
Che Adams,Southampton,Forward,36,,,25,,,10,4,17,9,,,,,,,,,,5,610,16.94,9,6,,,,1,0,30,19,9,0,8,1,1,0.25,0,0,55,31,56%,17,,,,,,,,
Tosin Adarabioyo,Fulham,Defender,33,9,41,37,51%,0,2,42,193,99,0,143,136,83,11,83,39,1,1,0,"1,905",57.73,0,2,0%,0,118,1,0,16,2,0,0,0,0,0,,,,,,,,,,,,,,,
Adrian,Liverpool,Goalkeeper,3,1,9,,,,,,,,,,,,,,,0,1,0,80,26.67,,,,,10,0,0,0,,0,,,,,,,,,,,,10,0,3,0,0,4,19,22
Sergio Aguero,Manchester City,Forward,12,,,4,,,2,2,0,0,,,,,,,,,,1,171,14.25,3,1,,,,0,0,2,1,4,1,3,0,0,0.33,1,0,19,12,63%,2,,,,,,,,
Ahmed El Mohamady,Aston Villa,Defender,14,3,9,17,76%,0,1,17,22,17,0,63,40,24,2,18,9,0,0,0,470,33.57,1,39,26%,0,30,2,0,6,0,0,0,0,0,0,,,,,,,,,,,,,,,
Ahmed Hegazi,West Bromwich Albion,Defender,1,1,0,0,0%,0,0,1,7,6,0,8,5,2,0,5,2,0,0,0,56,56,0,0,0%,0,4,0,0,0,0,0,0,0,0,0,,,,,,,,,,,,,,,
Ola Aina,Fulham,Defender,31,7,36,37,54%,0,3,45,81,41,0,147,114,111,21,31,36,0,0,1,"1,462",47.16,1,52,17%,0,66,3,0,32,2,2,0,0,1,0,,,,,,,,,,,,,,,
Rayan Ait-Nouri,Wolverhampton Wanderers,Defender,21,3,23,29,55%,0,5,15,18,8,0,86,79,99,26,5,23,0,0,1,627,29.86,1,61,20%,0,16,1,0,15,1,1,0,0,1,0,,,,,,,,,,,,,,,
Semi Ajayi,West Bromwich Albion,Defender,33,1,71,40,35%,0,1,42,118,50,3,161,128,112,10,75,55,0,0,0,937,28.39,1,7,14%,0,59,3,1,28,1,2,2,0,0,0,,,,,,,,,,,,,,,
Nathan Ake,Manchester City,Defender,10,3,13,10,50%,0,1,9,22,11,0,30,38,28,0,24,17,0,0,0,751,75.1,0,1,0%,0,14,4,0,8,0,1,1,0,0,0,,,,,,,,,,,,,,,
Marc Albrighton,Leicester City,Midfielder,31,,,33,58%,,7,17,20,10,,138,99,132,37,10,36,,0,5,749,24.16,8,118,19%,1,39,2,0,9,4,1,0,1,0,1,0.03,0,0,21,10,48%,1,,,,,,,,
Toby Alderweireld,Tottenham Hotspur,Defender,25,9,25,35,63%,0,4,10,115,65,1,117,87,66,4,46,36,1,0,0,"1,437",57.48,1,1,100%,2,111,2,0,17,0,1,1,0,0,1,,,,,,,,,,,,,,,
Alex Telles,Manchester United,Defender,9,1,11,14,50%,0,1,16,18,15,0,45,36,36,3,17,14,0,0,2,458,50.89,1,55,22%,1,14,0,0,4,1,0,0,0,0,1,,,,,,,,,,,,,,,
Trent Alexander-Arnold,Liverpool,Defender,36,10,40,56,59%,0,21,49,43,13,0,258,105,115,32,8,23,0,1,7,"2,381",66.14,14,297,23%,6,151,2,0,21,5,2,0,2,0,2,,,,,,,,,,,,,,,
Ezgjan Alioski,Leeds United,Midfielder,36,,,74,42%,,7,23,40,21,,146,168,154,11,40,44,,0,3,"1,377",38.25,4,62,23%,1,30,7,0,39,6,2,0,0,2,1,0.06,0,0,25,8,32%,1,,,,,,,,
Alisson,Liverpool,Goalkeeper,33,10,32,,,,,,,,,,,,,,,0,3,0,988,29.94,,,,,105,1,0,1,,1,,,,,,,,,,,,84,1,17,18,2,25,165,173
Allan,Everton,Midfielder,24,,,80,56%,,1,19,23,8,,187,145,151,31,5,11,,0,0,"1,055",43.96,0,4,25%,1,57,6,0,37,0,0,0,0,0,0,0,0,0,7,2,29%,0,,,,,,,,
Dele Alli,Tottenham Hotspur,Midfielder,15,,,18,61%,,3,7,3,3,,50,49,63,11,8,11,,0,1,330,22,2,10,20%,1,5,0,0,10,1,0,0,0,0,1,0,0,0,12,4,33%,3,,,,,,,,
Miguel Almiron,Newcastle United,Midfielder,34,,,49,59%,,11,25,18,6,,163,135,144,39,8,17,,1,1,850,25,4,39,21%,3,33,3,0,18,6,4,0,0,4,2,0.12,0,0,33,15,45%,3,,,,,,,,
Marcos Alonso,Chelsea,Defender,13,4,13,13,23%,0,8,12,28,19,0,59,57,52,9,23,15,0,0,0,508,39.08,3,24,13%,0,16,2,0,13,2,2,0,1,1,2,,,,,,,,,,,,,,,
Steven Alzate,Brighton & Hove Albion,Midfielder,15,,,17,,,4,8,9,6,,,,,,,,,,0,437,29.13,1,3,,,,2,0,20,1,1,0,1,0,0,0.07,0,0,7,2,29%,0,,,,,,,,
Amad Diallo,Manchester United,Forward,3,,,3,,,0,0,1,0,,,,,,,,,,1,63,21,1,0,,,,0,0,2,0,0,0,0,0,0,0,0,0,1,1,100%,0,,,,,,,,
Daniel Amartey,Leicester City,Defender,12,0,12,11,64%,0,1,12,24,13,0,60,32,28,1,19,16,0,0,0,454,37.83,0,1,0%,0,17,3,0,3,0,1,1,0,0,0,,,,,,,,,,,,,,,
Ethan Ampadu,Chelsea,Defender,25,2,41,57,63%,0,1,49,83,35,0,114,147,86,13,52,29,1,1,0,"1,006",40.24,2,19,32%,0,56,3,0,25,1,0,0,0,0,0,,,,,,,,,,,,,,,
Joachim Andersen,Fulham,Defender,31,9,35,33,58%,1,2,44,150,83,1,172,155,99,9,99,44,0,1,1,"1,958",63.16,0,12,8%,0,181,7,1,39,1,1,0,1,0,1,,,,,,,,,,,,,,,
Elliot Anderson,Newcastle United,Midfielder,1,,,0,0%,,0,0,0,0,,0,0,0,0,0,0,,0,0,1,1,0,0,0%,0,0,0,0,0,0,0,0,0,0,0,0,0,0,0,0,0%,0,,,,,,,,
Andre Gomes,Everton,Midfielder,28,,,35,66%,,5,10,10,6,,126,99,137,31,20,14,,0,1,876,31.29,2,23,17%,2,57,3,0,35,2,0,0,0,0,0,0,0,0,14,3,21%,0,,,,,,,,
Michail Antonio,West Ham United,Forward,26,,,7,57%,,14,7,7,6,,51,161,211,43,73,89,,0,5,453,17.42,3,31,6%,0,13,3,0,29,15,10,2,6,2,6,0.38,0,0,63,25,40%,9,,,,,,,,
Alphonse Areola,Fulham,Goalkeeper,36,9,48,,,,,,,,,,,,,,,0,2,0,838,23.28,,,,,157,2,0,0,,0,,,,,,,,,,,,116,0,26,22,5,5,173,251
Stuart Armstrong,Southampton,Midfielder,33,,,60,68%,,20,24,19,9,,175,171,203,68,8,17,,0,5,"1,236",37.45,4,40,18%,2,34,3,0,34,4,4,0,2,2,1,0.12,0,0,55,11,20%,1,,,,,,,,
Kepa Arrizabalaga,Chelsea,Goalkeeper,7,2,8,,,,,,,,,,,,,,,0,3,0,205,29.29,,,,,36,1,0,0,,0,,,,,,,,,,,,16,0,4,3,1,1,41,46
Pierre-Emerick Aubameyang,Arsenal,Forward,29,,,12,,,13,7,15,4,,,,,,,,,,3,624,21.52,3,38,,,,2,0,13,17,10,1,8,1,2,0.34,2,0,57,22,39%,7,,,,,,,,
Serge Aurier,Tottenham Hotspur,Defender,19,4,22,55,60%,0,1,19,41,24,0,111,123,115,17,37,40,0,0,3,792,41.68,6,35,29%,1,21,0,0,23,1,2,1,1,0,0,,,,,,,,,,,,,,,
Jordan Ayew,Crystal Palace,Forward,33,,,38,,,12,16,10,8,,,,,,,,,,3,633,19.18,0,31,,,,4,0,45,5,1,0,1,0,0,0.03,0,0,26,11,42%,2,,,,,,,,
Luke Ayling,Leeds United,Defender,38,11,54,108,56%,0,10,36,77,39,1,279,268,171,41,66,65,0,0,0,"2,381",62.66,5,82,17%,4,175,7,0,29,2,0,0,0,0,0,,,,,,,,,,,,,,,
Cesar Azpilicueta,Chelsea,Defender,26,12,20,53,53%,0,1,28,59,33,0,131,128,107,6,55,44,0,0,2,"1,887",72.58,3,37,19%,3,39,5,1,32,5,1,0,1,0,0,,,,,,,,,,,,,,,
Eric Bailly,Manchester United,Defender,12,3,17,5,100%,0,1,13,36,22,0,73,37,27,4,24,17,0,1,0,562,46.83,0,0,0%,0,20,3,0,10,0,0,0,0,0,0,,,,,,,,,,,,,,,
Fabian Balbuena,West Ham United,Defender,14,4,19,24,50%,0,1,25,62,40,1,73,49,39,1,21,17,0,0,0,482,34.43,0,3,0%,1,43,1,1,12,0,1,1,0,0,1,,,,,,,,,,,,,,,
George Baldock,Sheffield United,Defender,32,4,51,47,72%,1,8,25,62,34,1,127,111,139,17,26,28,0,0,2,897,28.03,5,62,16%,1,21,7,0,46,10,0,0,0,0,0,,,,,,,,,,,,,,,
Gareth Bale,Tottenham Hotspur,Forward,20,,,17,,,6,8,14,10,,,,,,,,,,2,366,18.3,2,40,,,,1,0,9,5,11,2,1,8,2,0.55,0,0,38,19,50%,2,,,,,,,,
Patrick Bamford,Leeds United,Forward,38,,,21,,,17,10,37,29,,,,,,,,,,7,509,13.39,5,3,,,,3,0,36,18,17,2,2,13,4,0.45,2,0,107,48,45%,21,,,,,,,,
Phil Bardsley,Burnley,Defender,4,0,8,6,83%,0,0,6,12,8,0,14,19,15,3,7,2,0,0,0,109,27.25,0,10,20%,0,5,2,0,8,0,0,0,0,0,0,,,,,,,,,,,,,,,
Ross Barkley,Aston Villa,Midfielder,26,,,6,33%,,13,5,6,3,,76,78,95,30,23,23,,0,1,753,28.96,6,61,31%,0,37,0,0,14,6,3,1,1,1,2,0.12,0,0,39,12,31%,3,,,,,,,,
Ashley Barnes,Burnley,Forward,22,,,12,,,12,5,11,3,,,,,,,,,,0,304,13.82,0,8,,,,4,0,46,17,3,1,1,1,0,0.14,1,0,38,13,34%,3,,,,,,,,
Kyle Bartley,West Bromwich Albion,Defender,30,4,53,27,59%,0,2,38,158,102,1,137,144,100,4,107,58,0,1,1,827,27.57,2,1,0%,0,52,4,0,30,5,3,1,2,0,0,,,,,,,,,,,,,,,
Chris Basham,Sheffield United,Defender,31,2,51,69,61%,0,2,49,103,62,5,158,172,138,21,55,61,0,0,1,"1,057",34.1,1,25,24%,0,38,5,0,25,6,0,0,0,0,1,,,,,,,,,,,,,,,
Michy Batshuayi,Crystal Palace,Forward,18,,,5,,,2,4,5,4,,,,,,,,,,1,167,9.28,2,5,,,,0,0,12,11,2,0,0,2,0,0.11,0,0,12,6,50%,3,,,,,,,,
Jan Bednarek,Southampton,Defender,36,9,59,37,51%,0,0,84,132,73,1,205,150,113,5,97,53,1,0,1,"2,068",57.44,1,0,0%,0,82,5,1,30,0,1,1,0,0,0,,,,,,,,,,,,,,,
Hector Bellerin,Arsenal,Defender,25,7,24,29,66%,0,6,33,31,21,0,91,79,98,12,31,30,0,0,2,"1,114",44.56,4,54,22%,2,18,8,0,21,1,1,0,1,0,0,,,,,,,,,,,,,,,
Said Benrahma,West Ham United,Forward,30,,,24,,,7,8,4,0,,,,,,,,,,6,484,16.13,5,44,,,,0,0,14,2,1,0,1,0,0,0.03,0,0,35,12,34%,3,,,,,,,,
Josh Benson,Burnley,Midfielder,6,,,5,20%,,1,3,2,1,,18,10,22,2,2,5,,0,0,79,13.17,0,5,0%,0,1,0,0,4,0,0,0,0,0,0,0,0,0,2,0,0%,0,,,,,,,,
Christian Benteke,Crystal Palace,Forward,30,,,15,,,10,4,39,34,,,,,,,,,,1,575,19.17,0,3,,,,1,1,35,14,10,6,2,2,3,0.33,0,0,71,34,48%,5,,,,,,,,
Gaetano Berardi,Leeds United,Defender,2,0,0,2,100%,0,1,1,2,2,0,7,6,4,0,4,3,0,0,0,55,27.5,0,1,0%,0,2,0,0,1,0,0,0,0,0,0,,,,,,,,,,,,,,,
Sander Berge,Sheffield United,Midfielder,15,,,16,44%,,3,4,18,10,,68,56,61,20,17,15,,0,1,436,29.07,2,23,9%,0,15,4,0,14,2,1,0,1,0,0,0.07,1,0,10,2,20%,0,,,,,,,,
Steven Bergwijn,Tottenham Hotspur,Forward,21,,,15,,,1,5,7,0,,,,,,,,,,3,416,19.81,0,13,,,,3,0,20,1,1,0,1,0,1,0.05,0,0,15,6,40%,5,,,,,,,,
Bernard,Everton,Forward,12,,,8,,,2,8,5,1,,,,,,,,,,0,252,21,0,14,,,,2,0,6,0,1,0,1,0,0,0.08,0,0,6,2,33%,0,,,,,,,,
Bernardo,Brighton & Hove Albion,Defender,3,0,3,10,80%,0,2,1,1,1,0,7,18,17,0,7,7,0,0,0,74,24.67,0,5,20%,0,2,0,0,1,0,0,0,0,0,0,,,,,,,,,,,,,,,
Bernardo Silva,Manchester City,Midfielder,26,,,26,54%,,6,17,6,2,,113,98,135,41,13,31,,0,6,"1,372",52.77,8,32,9%,1,50,5,0,17,2,2,0,0,2,2,0.08,0,0,28,13,46%,3,,,,,,,,
Ryan Bertrand,Southampton,Defender,29,8,51,60,53%,1,0,30,37,20,0,89,135,110,3,38,54,0,1,1,"1,197",41.28,1,82,17%,0,24,5,0,29,3,0,0,0,0,0,,,,,,,,,,,,,,,
Yves Bissouma,Brighton & Hove Albion,Midfielder,36,,,104,65%,,12,64,64,38,,271,227,157,53,38,22,,0,0,"1,685",46.81,1,7,14%,2,75,8,1,55,0,1,0,1,0,0,0.03,0,0,42,3,7%,0,,,,,,,,
Jayden Bogle,Sheffield United,Defender,16,2,20,33,70%,0,4,14,18,10,0,64,71,93,11,18,23,0,0,0,312,19.5,0,12,8%,0,4,2,0,15,1,2,0,0,2,0,,,,,,,,,,,,,,,
Willy Boly,Wolverhampton Wanderers,Defender,21,6,29,33,61%,0,4,32,83,49,0,88,100,53,4,57,26,0,0,1,"1,036",49.33,1,0,0%,0,39,2,0,15,0,1,0,1,0,1,,,,,,,,,,,,,,,
Jarrod Bowen,West Ham United,Forward,38,,,26,,,23,22,5,2,,,,,,,,,,5,620,16.32,11,122,,,,0,0,15,15,8,0,1,5,0,0.21,0,0,55,16,29%,7,,,,,,,,
Robbie Brady,Burnley,Midfielder,19,,,22,68%,,5,9,25,19,,80,61,78,11,19,21,,1,1,351,18.47,2,43,16%,2,24,3,0,21,1,1,0,1,0,0,0.05,0,0,16,5,31%,0,,,,,,,,
Rhian Brewster,Sheffield United,Forward,27,,,8,,,9,5,4,0,,,,,,,,,,0,207,7.67,4,16,,,,1,0,18,4,0,0,0,0,1,0,0,0,24,8,33%,2,,,,,,,,
Nathan Broadhead,Everton,Midfielder,1,,,1,100%,,0,0,0,0,,0,1,0,0,0,0,,0,0,2,2,0,0,0%,0,0,0,0,0,0,0,0,0,0,0,0,0,0,0,0,0%,0,,,,,,,,
Josh Brownhill,Burnley,Midfielder,33,,,45,60%,,10,69,37,16,,195,155,135,15,65,54,,0,1,"1,172",35.52,0,17,24%,1,33,2,0,36,2,0,0,0,0,1,0,0,0,34,7,21%,0,,,,,,,,
Bruno Fernandes,Manchester United,Midfielder,37,,,57,53%,,37,26,27,16,,162,147,217,23,16,43,,0,12,"2,112",57.08,20,166,25%,12,142,6,0,43,3,18,1,16,1,3,0.49,9,0,121,51,42%,8,,,,,,,,
Joe Bryan,Fulham,Defender,16,0,17,15,53%,0,3,14,11,5,0,38,42,21,14,6,3,0,0,0,314,19.63,0,48,15%,1,12,2,0,10,0,1,1,0,0,1,,,,,,,,,,,,,,,
Oliver Burke,Sheffield United,Midfielder,25,,,16,50%,,9,2,4,2,,29,68,129,16,30,48,,0,1,252,10.08,4,10,10%,1,3,2,0,23,3,1,0,1,0,0,0.04,0,0,25,6,24%,3,,,,,,,,
Dan Burn,Brighton & Hove Albion,Defender,27,6,28,50,52%,0,3,31,71,51,1,109,163,117,12,96,43,1,0,0,"1,100",40.74,1,37,19%,0,31,5,0,35,4,1,0,1,0,0,,,,,,,,,,,,,,,
Jack Butland,Crystal Palace,Goalkeeper,1,0,2,,,,,,,,,,,,,,,0,0,0,19,19,,,,,3,0,0,0,,0,,,,,,,,,,,,3,0,0,1,0,0,2,8
David Button,West Bromwich Albion,Goalkeeper,1,0,2,,,,,,,,,,,,,,,0,0,0,36,36,,,,,9,0,0,0,,0,,,,,,,,,,,,4,0,2,0,0,0,1,12
Oskar Buur,Wolverhampton Wanderers,Defender,1,0,0,0,0%,0,0,0,0,0,0,0,1,3,0,1,0,0,0,0,14,14,0,0,0%,0,0,0,0,0,0,0,0,0,0,0,,,,,,,,,,,,,,,
Willy Caballero,Chelsea,Goalkeeper,1,0,3,,,,,,,,,,,,,,,0,0,0,24,24,,,,,2,0,0,0,,0,,,,,,,,,,,,0,0,0,0,0,0,2,6
Gary Cahill,Crystal Palace,Defender,20,4,39,13,69%,0,3,13,86,48,0,64,86,53,1,69,38,0,0,1,746,37.3,0,0,0%,0,48,3,0,12,3,1,1,0,0,0,,,,,,,,,,,,,,,
Tom Cairney,Fulham,Midfielder,10,,,9,33%,,3,0,1,0,,39,47,23,16,4,5,,0,1,594,59.4,1,37,32%,1,40,2,0,4,1,1,0,0,1,0,0.1,0,0,12,5,42%,0,,,,,,,,
Dominic Calvert-Lewin,Everton,Forward,33,,,17,,,11,6,33,31,,,,,,,,,,0,675,20.45,1,9,,,,3,0,37,18,16,7,8,1,1,0.48,0,0,83,46,55%,17,,,,,,,,
Carlos Vinicius,Tottenham Hotspur,Forward,9,,,3,,,1,2,5,4,,,,,,,,,,0,46,5.11,0,2,,,,2,0,11,2,1,0,1,0,0,0.11,0,0,7,4,57%,1,,,,,,,,
Andy Carroll,Newcastle United,Forward,18,,,3,,,6,0,14,13,,,,,,,,,,0,136,7.56,0,0,,,,1,0,12,4,1,0,0,1,0,0.06,0,0,14,2,14%,0,,,,,,,,
Scott Carson,Manchester City,Goalkeeper,1,0,3,,,,,,,,,,,,,,,0,0,0,10,10,,,,,0,0,0,0,,0,,,,,,,,,,,,2,1,0,0,0,0,6,2
Fabio Carvalho,Fulham,Midfielder,4,,,9,67%,,3,1,0,0,,12,20,23,8,1,4,,0,0,85,21.25,1,4,0%,0,0,0,0,4,0,1,0,1,0,0,0.25,0,0,9,5,56%,1,,,,,,,,
Matthew Cash,Aston Villa,Defender,28,10,35,71,56%,0,4,60,82,45,2,134,139,124,12,35,39,0,0,2,"1,008",36,2,81,27%,0,57,6,1,35,2,0,0,0,0,0,,,,,,,,,,,,,,,
Timothy Castagne,Leicester City,Defender,27,6,37,52,62%,0,2,29,50,26,0,129,117,107,11,41,43,0,1,3,"1,325",49.07,4,46,20%,0,25,1,0,20,1,2,1,0,1,1,,,,,,,,,,,,,,,
Edinson Cavani,Manchester United,Forward,26,,,12,,,7,6,11,8,,,,,,,,,,3,336,12.92,5,4,,,,4,0,21,6,10,6,3,1,0,0.38,0,0,34,15,44%,7,,,,,,,,
Dani Ceballos,Arsenal,Midfielder,25,,,37,59%,,4,35,14,10,,136,95,93,26,8,13,,0,3,"1,272",50.88,4,29,31%,7,70,4,0,23,0,0,0,0,0,1,0,0,0,13,2,15%,0,,,,,,,,
Cedric Soares,Arsenal,Defender,10,2,11,12,67%,0,2,8,14,5,0,40,29,48,5,7,12,0,1,1,365,36.5,1,34,24%,0,9,1,0,6,0,0,0,0,0,1,,,,,,,,,,,,,,,
Calum Chambers,Arsenal,Defender,10,2,10,7,43%,0,2,10,36,18,0,42,33,40,4,20,18,0,0,2,479,47.9,1,33,18%,2,13,0,0,7,0,0,0,0,0,0,,,,,,,,,,,,,,,
Ben Chilwell,Chelsea,Defender,27,9,23,42,52%,0,7,24,47,26,0,122,137,103,16,38,34,0,0,5,"1,469",54.41,2,136,20%,0,51,3,0,23,8,3,0,1,2,0,,,,,,,,,,,,,,,
Hamza Choudhury,Leicester City,Midfielder,10,,,8,88%,,1,4,7,3,,24,16,13,0,6,1,,1,0,235,23.5,0,1,0%,0,6,1,0,6,0,0,0,0,0,0,0,0,0,4,1,25%,1,,,,,,,,
Andreas Christensen,Chelsea,Defender,17,8,15,11,55%,1,1,20,49,25,1,85,63,36,7,38,18,0,1,0,"1,141",67.12,0,0,0%,1,52,2,1,9,0,0,0,0,0,0,,,,,,,,,,,,,,,
Carney Chukwuemeka,Aston Villa,Midfielder,2,,,2,100%,,0,0,0,0,,1,3,8,0,1,4,,0,0,9,4.5,0,0,0%,0,1,0,0,2,0,0,0,0,0,1,0,0,0,1,0,0%,0,,,,,,,,
Ciaran Clark,Newcastle United,Defender,22,3,35,24,58%,0,2,29,99,51,0,105,108,66,4,69,41,1,0,0,790,35.91,0,0,0%,0,39,3,0,16,1,1,1,0,0,0,,,,,,,,,,,,,,,
Nathaniel Clyne,Crystal Palace,Defender,13,0,22,17,59%,0,1,18,21,6,0,56,27,24,4,4,10,0,0,1,443,34.08,0,23,22%,0,15,2,0,4,0,0,0,0,0,0,,,,,,,,,,,,,,,
Conor Coady,Wolverhampton Wanderers,Defender,37,10,51,35,66%,2,0,27,130,83,2,155,91,69,6,41,29,0,1,0,"1,857",50.19,0,0,0%,0,248,5,0,22,0,1,1,0,0,1,,,,,,,,,,,,,,,
Seamus Coleman,Everton,Defender,25,5,19,39,67%,0,5,13,32,17,0,124,85,68,20,9,11,0,0,3,645,25.8,2,35,29%,0,33,0,0,12,0,0,0,0,0,1,,,,,,,,,,,,,,,
Aaron Connolly,Brighton & Hove Albion,Forward,17,,,6,,,4,0,1,1,,,,,,,,,,1,92,5.41,0,2,,,,0,0,6,8,2,0,2,0,0,0.12,0,0,23,9,39%,5,,,,,,,,
Liam Cooper,Leeds United,Defender,25,6,40,68,66%,0,0,61,67,33,0,156,192,108,3,96,61,0,0,0,"1,650",66,0,0,0%,0,95,4,1,23,1,1,1,0,0,0,,,,,,,,,,,,,,,
Theo Corbeanu,Wolverhampton Wanderers,Forward,1,,,2,,,0,1,0,0,,,,,,,,,,0,2,2,0,1,,,,0,0,0,0,0,0,0,0,0,0,0,0,0,0,0%,0,,,,,,,,
Jack Cork,Burnley,Midfielder,16,,,26,38%,,4,16,19,8,,89,75,83,5,33,29,,0,0,500,31.25,0,5,20%,0,17,2,0,21,0,0,0,0,0,0,0,0,0,5,0,0%,0,,,,,,,,
Vladimir Coufal,West Ham United,Defender,34,9,43,73,49%,0,3,41,90,54,0,169,172,131,15,53,42,0,0,7,"1,279",37.62,9,132,26%,0,35,3,0,29,0,0,0,0,0,2,,,,,,,,,,,,,,,
Patrick Cutrone,Wolverhampton Wanderers,Forward,2,,,0,,,0,0,0,0,,,,,,,,,,0,2,1,0,0,,,,0,0,0,0,0,0,0,0,0,0,0,0,1,0,0%,0,,,,,,,,
Stuart Dallas,Leeds United,Midfielder,38,,,74,61%,,13,44,46,20,,256,179,180,22,33,40,,0,2,"1,961",51.61,3,82,15%,3,75,7,0,40,0,8,1,6,1,1,0.21,0,0,48,19,40%,2,,,,,,,,
Daniel Podence,Wolverhampton Wanderers,Midfielder,24,,,12,50%,,10,13,2,1,,81,84,95,38,7,15,,0,2,601,25.04,3,32,22%,4,42,3,0,14,4,3,0,2,1,1,0.13,0,0,32,14,44%,0,,,,,,,,
Scott Dann,Crystal Palace,Defender,15,2,24,6,67%,0,2,18,57,26,0,73,66,42,4,51,29,0,1,0,640,42.67,0,0,0%,0,36,1,0,6,0,1,1,0,0,0,,,,,,,,,,,,,,,
Karl Darlow,Newcastle United,Goalkeeper,25,4,43,,,,,,,,,,,,,,,0,0,0,628,25.12,,,,,186,3,0,0,,0,,,,,,,,,,,,88,1,25,13,5,2,92,216
David Luiz,Arsenal,Defender,20,3,18,12,75%,1,5,16,49,29,0,64,55,31,3,35,14,0,0,0,998,49.9,1,9,0%,3,71,1,1,15,1,1,1,0,0,1,,,,,,,,,,,,,,,
Tom Davies,Everton,Midfielder,25,,,31,58%,,2,34,20,12,,102,85,79,18,11,15,,1,1,697,27.88,2,5,60%,1,34,3,0,26,0,0,0,0,0,0,0,0,0,7,0,0%,0,,,,,,,,
Keinan Davis,Aston Villa,Forward,15,,,2,,,3,0,2,2,,,,,,,,,,1,73,4.87,1,4,,,,0,0,4,0,1,0,0,1,1,0.07,0,0,9,2,22%,0,,,,,,,,
Craig Dawson,West Ham United,Defender,22,7,23,11,73%,0,1,32,87,53,1,92,79,46,0,57,26,2,1,0,764,34.73,0,0,0%,0,59,3,1,14,2,3,2,1,0,1,,,,,,,,,,,,,,,
Kevin De Bruyne,Manchester City,Midfielder,25,,,34,62%,,28,9,8,6,,116,117,122,48,4,10,,0,12,"1,265",50.6,19,146,27%,13,64,1,0,27,1,6,0,5,1,4,0.24,2,0,80,26,33%,8,,,,,,,,
Bobby De Cordova-Reid,Fulham,Forward,33,,,31,,,12,21,34,17,,,,,,,,,,2,760,23.03,2,41,,,,7,0,38,3,5,1,4,0,2,0.15,0,0,34,9,26%,3,,,,,,,,
David de Gea,Manchester United,Goalkeeper,26,9,32,,,,,,,,,,,,,,,0,1,0,501,19.27,,,,,82,0,0,0,,0,,,,,,,,,,,,60,0,6,2,2,10,88,172
Liam Delap,Manchester City,Forward,1,,,0,,,0,0,0,0,,,,,,,,,,0,6,6,0,0,,,,0,0,1,0,0,0,0,0,1,0,0,0,1,0,0%,0,,,,,,,,
Fabian Delph,Everton,Midfielder,8,,,5,40%,,0,4,7,0,,22,19,8,7,0,0,,0,0,217,27.13,0,7,0%,0,8,1,0,3,0,0,0,0,0,0,0,0,0,1,0,0%,0,,,,,,,,
Mbaye Diagne,West Bromwich Albion,Forward,16,,,4,,,1,1,16,10,,,,,,,,,,2,235,14.69,2,4,,,,2,0,17,17,3,2,1,0,1,0.19,0,0,25,10,40%,11,,,,,,,,
Ibrahima Diallo,Southampton,Midfielder,22,,,29,55%,,3,10,12,5,,71,60,68,10,10,17,,0,0,588,26.73,1,7,14%,0,15,3,0,22,0,0,0,0,0,0,0,0,0,7,1,14%,1,,,,,,,,
Grady Diangana,West Bromwich Albion,Midfielder,20,,,35,54%,,3,16,7,3,,69,117,129,25,23,33,,0,0,336,16.8,0,20,10%,1,5,0,0,11,4,1,0,0,1,0,0.05,0,0,14,4,29%,1,,,,,,,,
Eric Dier,Tottenham Hotspur,Midfielder,28,,,23,61%,,4,23,122,68,,139,123,82,3,86,59,,0,0,"1,789",63.89,0,5,20%,1,111,3,0,16,0,0,0,0,0,1,0,0,0,14,2,14%,2,,,,,,,,
Lucas Digne,Everton,Defender,30,9,42,63,60%,0,6,31,72,28,0,141,195,128,18,92,42,0,0,7,"1,266",42.2,11,215,21%,0,40,2,1,33,4,0,0,0,0,4,,,,,,,,,,,,,,,
Diogo Jota,Liverpool,Forward,19,,,12,,,5,5,3,2,,,,,,,,,,0,426,22.42,2,18,,,,2,0,25,1,9,3,5,1,1,0.47,0,0,46,26,57%,7,,,,,,,,
Issa Diop,West Ham United,Defender,18,2,22,20,70%,0,0,22,58,35,2,58,55,41,3,24,18,1,0,0,583,32.39,0,0,0%,0,18,3,0,8,1,2,2,0,0,0,,,,,,,,,,,,,,,
Moussa Djenepo,Southampton,Midfielder,27,,,52,52%,,4,10,12,7,,68,129,135,27,12,31,,0,0,382,14.15,0,9,11%,0,7,5,0,29,3,1,0,0,1,1,0.04,0,0,14,2,14%,1,,,,,,,,
Matt Doherty,Tottenham Hotspur,Defender,17,3,15,29,52%,0,2,23,36,26,0,57,95,84,5,49,25,0,0,2,676,39.76,1,31,26%,0,21,2,1,20,0,0,0,0,0,0,,,,,,,,,,,,,,,
Abdoulaye Doucoure,Everton,Midfielder,29,,,52,62%,,6,39,25,10,,186,123,108,21,38,20,,0,3,"1,341",46.24,2,9,11%,3,38,6,0,23,0,2,1,0,1,0,0.07,0,0,18,5,28%,1,,,,,,,,
Douglas Luiz,Aston Villa,Midfielder,33,,,49,37%,,6,43,41,22,,208,162,164,23,43,42,,0,2,"1,415",42.88,4,23,17%,0,108,8,1,59,0,0,0,0,0,0,0,0,0,26,8,31%,1,,,,,,,,
Martin Dubravka,Newcastle United,Goalkeeper,13,3,19,,,,,,,,,,,,,,,0,0,0,371,28.54,,,,,73,0,0,0,,0,,,,,,,,,,,,45,0,9,9,1,4,67,122
Paul Dummett,Newcastle United,Defender,15,3,20,16,44%,0,0,16,71,38,0,44,62,49,3,39,31,0,0,0,518,34.53,0,10,40%,0,32,2,0,9,0,1,1,0,0,0,,,,,,,,,,,,,,,
Lewis Dunk,Brighton & Hove Albion,Defender,33,11,38,30,50%,0,5,32,104,65,1,223,134,67,6,78,39,1,0,0,"2,223",67.36,1,1,0%,0,180,5,2,22,2,5,4,1,0,1,,,,,,,,,,,,,,,
Jimmy Dunne,Burnley,Defender,3,0,6,3,100%,0,2,6,16,6,0,23,30,11,1,23,6,0,0,0,153,51,0,0,0%,0,10,1,0,2,0,1,1,0,0,0,,,,,,,,,,,,,,,
Ederson,Manchester City,Goalkeeper,36,19,28,,,,,,,,,,,,,,,0,1,1,959,26.64,,,,,158,3,0,1,,0,,,,,,,,,,,,66,1,6,19,4,16,161,153
Kyle Edwards,West Bromwich Albion,Midfielder,5,,,3,67%,,1,1,0,0,,7,5,5,1,0,0,,0,0,34,6.8,0,1,0%,0,0,0,0,1,0,0,0,0,0,0,0,0,0,2,1,50%,0,,,,,,,,
John Egan,Sheffield United,Defender,31,4,47,41,51%,1,2,41,130,62,1,129,131,102,0,80,58,0,0,1,"1,123",36.23,1,4,25%,0,92,7,1,29,0,0,0,0,0,0,,,,,,,,,,,,,,,
Anwar El Ghazi,Aston Villa,Midfielder,28,,,16,81%,,15,6,10,5,,67,98,141,26,28,50,,0,0,523,18.68,1,87,26%,0,12,2,0,18,5,10,0,9,1,3,0.36,4,0,64,30,47%,4,,,,,,,,
Anthony Elanga,Manchester United,Forward,2,,,4,,,0,1,1,0,,,,,,,,,,0,53,26.5,0,2,,,,0,0,2,1,1,1,0,0,0,0.5,0,0,2,1,50%,0,,,,,,,,
Emerson,Chelsea,Defender,2,0,0,3,100%,0,0,1,6,3,0,7,6,7,0,3,0,0,0,0,56,28,0,2,50%,0,3,0,0,3,0,0,0,0,0,0,,,,,,,,,,,,,,,
Emiliano Martinez,Aston Villa,Goalkeeper,38,15,46,,,,,,,,,,,,,,,0,1,0,"1,134",29.84,,,,,265,1,0,1,,0,,,,,,,,,,,,142,1,4,39,17,12,177,253
Jonny Evans,Leicester City,Defender,28,10,31,25,48%,0,0,46,96,57,0,190,137,64,8,93,37,1,0,2,"1,850",66.07,1,0,0%,1,109,7,0,18,1,2,2,0,0,0,,,,,,,,,,,,,,,
Eberechi Eze,Crystal Palace,Midfielder,34,,,27,52%,,11,24,7,2,,178,175,153,64,12,29,,1,6,"1,088",32,5,86,27%,1,25,3,0,18,1,4,0,3,1,2,0.12,0,1,37,13,35%,1,,,,,,,,
Lukasz Fabianski,West Ham United,Goalkeeper,35,10,44,,,,,,,,,,,,,,,0,1,0,856,24.46,,,,,263,2,0,1,,0,,,,,,,,,,,,103,1,9,20,11,4,154,272
Fabinho,Liverpool,Midfielder,30,,,58,53%,,2,44,65,33,,208,146,119,7,54,52,,0,0,"2,108",70.27,0,1,0%,0,98,6,0,29,0,0,0,0,0,0,0,0,0,10,1,10%,0,,,,,,,,
Fabio Silva,Wolverhampton Wanderers,Forward,32,,,6,,,16,4,5,3,,,,,,,,,,3,323,10.09,1,5,,,,2,0,20,5,4,0,3,1,2,0.13,1,0,48,17,35%,4,,,,,,,,
Felipe Anderson,West Ham United,Midfielder,2,,,1,100%,,0,0,0,0,,0,1,0,0,0,0,,0,0,5,2.5,0,0,0%,0,0,0,0,0,0,0,0,0,0,0,0,0,0,0,0,0%,0,,,,,,,,
Federico Fernandez,Newcastle United,Defender,24,5,38,29,76%,0,0,17,144,79,0,91,92,50,0,49,29,1,0,0,834,34.75,1,13,23%,0,54,4,0,15,0,0,0,0,0,0,,,,,,,,,,,,,,,
Fernandinho,Manchester City,Midfielder,21,,,31,55%,,4,23,17,12,,91,82,70,10,30,18,,0,2,"1,014",48.29,3,6,17%,1,47,6,0,22,0,0,0,0,0,0,0,0,0,14,3,21%,1,,,,,,,,
Sam Field,West Bromwich Albion,Midfielder,3,,,5,100%,,0,2,3,1,,7,10,5,1,3,2,,0,0,24,8,0,0,0%,0,1,0,0,2,0,0,0,0,0,0,0,0,0,0,0,0%,0,,,,,,,,
William Fish,Manchester United,Defender,1,0,0,0,0%,0,0,0,0,0,0,0,0,0,0,0,0,0,0,0,0,0,0,0,0%,0,0,0,0,0,0,0,0,0,0,0,,,,,,,,,,,,,,,
John Fleck,Sheffield United,Midfielder,31,,,51,65%,,6,28,10,4,,156,121,157,30,12,20,,0,2,"1,139",36.74,2,96,22%,2,39,4,0,33,0,0,0,0,0,1,0,0,0,17,5,29%,0,,,,,,,,
Phil Foden,Manchester City,Midfielder,28,,,22,50%,,12,11,10,5,,72,110,96,38,16,27,,0,5,762,27.21,5,74,18%,2,9,0,0,12,3,9,0,4,5,2,0.32,0,0,45,20,44%,4,,,,,,,,
Wesley Fofana,Leicester City,Defender,28,6,30,51,73%,1,2,61,92,57,0,181,183,130,15,91,61,0,0,0,"1,688",60.29,0,2,0%,1,75,7,0,37,2,0,0,0,0,1,,,,,,,,,,,,,,,
Pablo Fornals,West Ham United,Midfielder,33,,,44,59%,,18,36,7,3,,163,113,177,29,23,41,,0,4,"1,059",32.09,3,45,13%,1,28,3,0,26,7,5,0,4,1,4,0.15,0,0,50,16,32%,7,,,,,,,,
Fraser Forster,Southampton,Goalkeeper,8,2,11,,,,,,,,,,,,,,,0,0,0,243,30.38,,,,,36,0,0,1,,0,,,,,,,,,,,,20,1,7,6,0,5,28,64
Timothy Fosu-Mensah,Manchester United,Defender,1,0,2,2,0%,0,1,3,1,0,0,7,5,4,2,1,1,0,0,0,66,66,1,4,25%,0,1,1,0,1,1,0,0,0,0,0,,,,,,,,,,,,,,,
Tyrese Francois,Fulham,Midfielder,1,,,0,0%,,0,0,0,0,,0,0,2,0,0,1,,0,0,13,13,0,0,0%,0,0,0,0,0,0,0,0,0,0,0,0,0,0,0,0,0%,0,,,,,,,,
Ryan Fraser,Newcastle United,Midfielder,18,,,4,25%,,4,6,5,0,,30,32,35,3,5,22,,0,2,262,14.56,3,103,24%,0,3,0,1,5,0,0,0,0,0,1,0,0,0,13,6,46%,1,,,,,,,,
Fred,Manchester United,Midfielder,30,,,81,48%,,9,45,21,4,,228,144,154,24,9,14,,0,0,"1,806",60.2,4,9,0%,5,98,5,0,45,1,1,0,0,1,0,0.03,0,0,25,7,28%,1,,,,,,,,
Ryan Fredericks,West Ham United,Defender,14,1,9,9,56%,0,2,11,19,7,0,30,28,35,3,8,14,0,0,1,226,16.14,1,23,26%,1,2,2,0,11,1,1,0,1,0,0,,,,,,,,,,,,,,,
Christian Fuchs,Leicester City,Defender,9,3,9,18,39%,0,2,16,30,19,1,42,42,37,0,20,13,0,0,0,524,58.22,0,11,9%,0,24,4,0,14,0,0,0,0,0,0,,,,,,,,,,,,,,,
Darnell Furlong,West Bromwich Albion,Defender,35,6,63,45,60%,0,3,49,78,45,1,98,205,167,10,119,90,1,0,3,816,23.31,4,99,17%,0,41,5,0,34,3,1,0,1,0,1,,,,,,,,,,,,,,,
Gabriel Jesus,Manchester City,Forward,29,,,17,,,22,15,5,2,,,,,,,,,,4,732,25.24,5,11,,,,2,0,28,17,9,1,5,3,1,0.31,0,0,55,16,29%,5,,,,,,,,
Gabriel Magalhaes,Arsenal,Defender,23,6,24,25,60%,1,5,26,73,42,1,118,113,76,5,57,41,0,1,0,"1,550",67.39,0,2,50%,1,51,2,1,23,0,2,1,0,0,1,,,,,,,,,,,,,,,
Gabriel Martinelli,Arsenal,Forward,14,,,7,14%,,3,8,3,1,,22,31,47,13,7,15,,0,1,144,10.29,3,12,42%,1,3,0,0,9,1,2,0,1,1,0,0.14,0,0,20,8,40%,2,,,,,,,,
Conor Gallagher,Chelsea,Midfielder,30,,,81,51%,,9,27,27,10,,185,196,204,30,23,36,,0,2,890,29.67,1,66,17%,1,48,11,0,43,0,2,0,2,0,2,0.07,0,0,29,7,24%,1,,,,,,,,
Eric Garcia,Manchester City,Defender,6,0,12,8,88%,0,0,4,10,3,0,19,13,14,0,3,8,0,0,0,339,56.5,0,0,0%,1,10,0,0,4,0,0,0,0,0,0,,,,,,,,,,,,,,,
Dwight Gayle,Newcastle United,Forward,18,,,2,,,3,1,2,0,,,,,,,,,,1,108,6,0,5,,,,0,0,6,3,1,1,0,0,1,0.06,0,0,16,7,44%,5,,,,,,,,
Jean-Philippe Gbamin,Everton,Midfielder,1,,,1,0%,,0,0,1,0,,2,1,2,0,0,0,,0,0,9,9,0,0,0%,0,0,0,0,0,0,0,0,0,0,0,0,0,0,0,0,0%,0,,,,,,,,
Kieran Gibbs,West Bromwich Albion,Defender,10,0,22,15,73%,0,0,16,27,12,0,47,28,25,2,9,16,0,0,0,264,26.4,1,11,27%,0,11,1,1,6,0,0,0,0,0,0,,,,,,,,,,,,,,,
Morgan Gibbs-White,Wolverhampton Wanderers,Midfielder,11,,,9,78%,,3,3,1,0,,27,29,29,8,2,7,,0,0,222,20.18,0,11,0%,0,9,1,0,5,1,1,0,1,0,0,0.09,0,0,10,4,40%,1,,,,,,,,
Billy Gilmour,Chelsea,Midfielder,5,,,4,50%,,1,3,1,0,,11,9,12,1,2,2,,0,0,225,45,0,2,0%,1,6,0,0,2,0,0,0,0,0,0,0,0,0,1,0,0%,0,,,,,,,,
Olivier Giroud,Chelsea,Forward,17,,,4,,,4,5,10,8,,,,,,,,,,0,219,12.88,1,2,,,,1,0,15,6,4,1,0,3,1,0.24,0,0,29,11,38%,6,,,,,,,,
Ben Godfrey,Everton,Defender,31,11,35,55,60%,0,5,33,110,62,1,136,138,70,9,57,32,1,0,2,"1,219",39.32,2,6,50%,1,36,4,0,15,4,0,0,0,0,0,,,,,,,,,,,,,,,
Joseph Gomez,Liverpool,Defender,7,0,14,3,67%,0,0,4,28,12,0,35,34,30,4,21,18,0,0,0,556,79.43,0,0,0%,0,39,0,0,6,0,0,0,0,0,0,,,,,,,,,,,,,,,
Demarai Gray,Leicester City,Forward,1,,,1,,,0,0,0,0,,,,,,,,,,0,9,9,0,2,,,,0,0,0,0,0,0,0,0,0,0,0,0,1,0,0%,0,,,,,,,,
Jack Grealish,Aston Villa,Midfielder,26,,,31,45%,,21,12,4,2,,125,231,150,65,26,28,,0,10,996,38.31,14,76,22%,2,30,6,0,40,7,6,0,6,0,1,0.23,0,0,50,19,38%,4,,,,,,,,
Pascal Groﬂ,Brighton & Hove Albion,Midfielder,34,,,45,53%,,15,23,15,7,,149,92,119,9,22,43,,0,8,"1,424",41.88,5,219,31%,1,93,3,0,19,5,3,0,3,0,2,0.09,3,0,32,7,22%,2,,,,,,,,
Kamil Grosicki,West Bromwich Albion,Midfielder,3,,,2,50%,,1,2,1,0,,6,2,11,0,0,2,,0,1,40,13.33,1,5,0%,0,2,0,0,1,0,0,0,0,0,0,0,0,0,3,0,0%,0,,,,,,,,
Vicente Guaita,Crystal Palace,Goalkeeper,37,8,64,,,,,,,,,,,,,,,0,1,0,921,24.89,,,,,253,2,0,0,,0,,,,,,,,,,,,106,1,22,16,5,8,156,315
Johann Gudmundsson,Burnley,Midfielder,22,,,19,58%,,2,17,17,7,,81,64,79,10,19,27,,0,0,437,19.86,0,31,16%,1,21,2,0,11,1,2,0,0,2,2,0.09,0,0,19,8,42%,2,,,,,,,,
Ilkay Gundogan,Manchester City,Midfielder,28,,,25,60%,,11,20,9,5,,132,89,75,27,12,13,,0,2,"1,714",61.21,3,30,30%,4,45,1,0,8,1,13,1,9,3,0,0.46,1,0,54,22,41%,5,,,,,,,,
Antwoine Hackford,Sheffield United,Forward,1,,,0,,,1,0,0,0,,,,,,,,,,0,1,1,0,0,,,,0,0,0,0,0,0,0,0,0,0,0,0,1,0,0%,0,,,,,,,,
Sebastien Haller,West Ham United,Forward,16,,,14,,,3,5,7,7,,,,,,,,,,0,245,15.31,1,2,,,,0,0,24,10,3,1,2,0,1,0.19,0,0,25,11,44%,3,,,,,,,,
Rekeem Harper,West Bromwich Albion,Midfielder,2,,,0,0%,,0,1,0,0,,2,3,1,2,1,0,,0,0,17,8.5,0,0,0%,0,1,0,0,1,0,0,0,0,0,0,0,0,0,1,1,100%,0,,,,,,,,
Jack Harrison,Leeds United,Midfielder,36,,,63,60%,,7,15,18,6,,153,154,200,42,26,41,,0,8,989,27.47,10,167,19%,2,32,2,0,28,12,8,0,5,3,2,0.22,0,0,45,19,42%,6,,,,,,,,
Kortney Hause,Aston Villa,Defender,7,,,4,50%,,0,8,53,28,,33,46,25,0,39,17,,0,0,232,33.14,0,0,0%,0,16,2,0,5,0,1,1,0,0,1,0.14,0,0,5,1,20%,1,,,,,,,,
Kai Havertz,Chelsea,Midfielder,27,,,18,50%,,6,4,20,17,,71,80,119,19,29,33,,1,3,766,28.37,1,11,9%,2,11,2,0,27,7,4,0,0,4,0,0.15,0,0,33,16,48%,9,,,,,,,,
Michael Hector,Fulham,Defender,4,0,10,3,67%,0,1,0,6,4,1,19,15,14,3,6,4,0,0,0,186,46.5,0,0,0%,0,20,2,0,5,0,0,0,0,0,0,,,,,,,,,,,,,,,
Helder Costa,Leeds United,Forward,22,,,25,,,5,3,5,3,,,,,,,,,,3,303,13.77,0,21,,,,0,0,20,3,3,0,1,2,0,0.14,0,0,16,6,38%,3,,,,,,,,
Jeff Hendrick,Newcastle United,Midfielder,22,,,8,38%,,2,19,13,6,,68,40,75,9,13,27,,0,1,538,24.45,1,6,33%,0,28,1,1,15,3,2,0,2,0,0,0.09,0,0,10,2,20%,0,,,,,,,,
Ki-Jana Hoever,Wolverhampton Wanderers,Defender,12,0,11,14,43%,0,0,9,22,8,0,45,37,40,13,6,9,0,0,0,291,24.25,0,21,10%,0,11,1,0,4,1,0,0,0,0,0,,,,,,,,,,,,,,,
Rob Holding,Arsenal,Defender,30,11,26,43,47%,0,0,24,119,82,1,138,127,112,8,72,60,1,0,1,"1,802",60.07,0,2,50%,0,92,2,0,25,2,0,0,0,0,1,,,,,,,,,,,,,,,
Mason Holgate,Everton,Defender,28,9,32,56,64%,1,0,35,82,38,0,139,132,88,8,39,20,0,2,0,"1,103",39.39,1,26,19%,1,87,9,0,29,1,1,0,0,1,0,,,,,,,,,,,,,,,
Conor Hourihane,Aston Villa,Midfielder,4,,,0,0%,,0,0,2,1,,11,2,3,0,2,0,,0,1,133,33.25,2,27,15%,0,4,0,0,1,0,1,0,1,0,0,0.25,0,0,5,2,40%,0,,,,,,,,
Callum Hudson-Odoi,Chelsea,Forward,23,,,23,,,12,6,5,1,,,,,,,,,,3,576,25.04,4,58,,,,0,0,11,5,2,0,2,0,1,0.09,0,0,23,6,26%,0,,,,,,,,
Niall Huggins,Leeds United,Forward,1,,,0,,,0,0,1,1,,,,,,,,,,0,17,17,0,1,,,,0,0,0,0,0,0,0,0,0,0,0,0,0,0,0%,0,,,,,,,,
Pierre-Emile Hojbjerg,Tottenham Hotspur,Midfielder,38,,,98,52%,,2,48,64,39,,296,217,209,23,44,36,,0,4,"2,765",72.76,4,6,17%,2,108,9,0,69,0,2,0,2,0,0,0.05,0,0,14,7,50%,1,,,,,,,,
Odion Ighalo,Manchester United,Forward,1,,,0,,,0,0,0,0,,,,,,,,,,0,2,2,0,0,,,,0,0,0,0,0,0,0,0,0,0,0,0,0,0,0%,0,,,,,,,,
Kelechi Iheanacho,Leicester City,Forward,25,,,12,,,20,2,1,1,,,,,,,,,,2,504,20.16,6,13,,,,1,0,26,9,12,1,2,9,0,0.48,0,0,59,25,42%,9,,,,,,,,
Danny Ings,Southampton,Forward,29,,,22,,,12,3,20,12,,,,,,,,,,4,501,17.28,3,19,,,,1,0,19,18,12,1,10,1,1,0.41,2,0,57,27,47%,6,,,,,,,,
Ivan Cavaleiro,Fulham,Forward,36,,,23,,,10,19,14,8,,,,,,,,,,0,724,20.11,2,122,,,,2,0,30,9,3,2,1,0,0,0.08,1,0,47,17,36%,7,,,,,,,,
Branislav Ivanovic,West Bromwich Albion,Defender,13,2,19,14,36%,0,1,8,25,19,0,36,31,27,0,13,10,0,0,0,317,24.38,0,1,0%,0,14,2,0,11,1,0,0,0,0,0,,,,,,,,,,,,,,,
Alex Iwobi,Everton,Forward,30,,,27,,,8,16,13,6,,,,,,,,,,2,595,19.83,3,69,,,,0,0,13,0,1,0,1,0,0,0.03,0,0,15,3,20%,1,,,,,,,,
Jose Izquierdo,Brighton & Hove Albion,Forward,1,,,0,,,0,0,0,0,,,,,,,,,,0,7,7,0,0,,,,0,0,0,0,0,0,0,0,0,0,0,0,1,1,100%,0,,,,,,,,
Phil Jagielka,Sheffield United,Defender,10,0,12,5,80%,0,0,10,26,14,0,36,19,24,0,13,12,1,0,0,204,20.4,0,1,0%,0,21,1,1,8,0,0,0,0,0,0,,,,,,,,,,,,,,,
Alireza Jahanbakhsh,Brighton & Hove Albion,Forward,21,,,9,,,8,8,1,0,,,,,,,,,,1,232,11.05,6,30,,,,3,0,7,0,0,0,0,0,1,0,0,0,18,3,17%,2,,,,,,,,
Reece James,Chelsea,Defender,32,9,29,55,64%,0,12,17,43,30,0,153,146,117,34,40,24,0,0,2,"1,696",53,4,144,24%,0,73,3,0,31,1,1,0,1,0,1,,,,,,,,,,,,,,,
Alexandre Jankewitz,Southampton,Midfielder,2,,,2,50%,,0,0,0,0,,0,3,1,0,0,0,,0,0,3,1.5,0,0,0%,0,0,0,1,1,0,0,0,0,0,0,0,0,0,0,0,0%,0,,,,,,,,
Daniel Jebbison,Sheffield United,Forward,4,,,6,,,1,1,0,0,,,,,,,,,,0,35,8.75,0,1,,,,0,0,6,1,1,0,1,0,0,0.25,0,0,4,2,50%,2,,,,,,,,
Joao Cancelo,Manchester City,Defender,28,13,18,68,60%,0,10,41,28,15,0,162,163,158,47,30,30,0,0,3,"1,854",66.21,8,72,15%,6,66,5,1,36,2,2,0,1,1,2,,,,,,,,,,,,,,,
Joao Moutinho,Wolverhampton Wanderers,Midfielder,33,,,75,53%,,5,47,24,8,,182,129,134,13,18,20,,0,1,"1,721",52.15,0,116,24%,5,76,3,1,44,0,1,0,1,0,0,0.03,0,0,14,4,29%,0,,,,,,,,
Joao Virginia,Everton,Goalkeeper,1,0,0,,,,,,,,,,,,,,,0,0,0,12,12,,,,,2,0,0,0,,0,,,,,,,,,,,,3,0,0,1,0,0,3,3
Joelinton,Newcastle United,Forward,31,,,33,,,8,9,21,13,,,,,,,,,,2,582,18.77,4,12,,,,3,0,24,6,4,0,3,1,0,0.13,1,0,44,21,48%,4,,,,,,,,
Sam Johnstone,West Bromwich Albion,Goalkeeper,37,6,74,,,,,,,,,,,,,,,0,0,1,"1,108",29.95,,,,,311,1,0,1,,0,,,,,,,,,,,,166,1,23,19,13,14,182,296
Curtis Jones,Liverpool,Midfielder,24,,,16,38%,,7,19,9,4,,80,65,93,22,14,18,,0,2,966,40.25,3,7,14%,1,22,2,0,18,1,1,0,1,0,0,0.04,0,0,19,9,47%,1,,,,,,,,
Jonny,Wolverhampton Wanderers,Defender,7,1,4,11,45%,0,0,9,7,4,0,25,30,28,3,5,2,0,0,0,182,26,0,9,0%,0,2,0,0,7,0,0,0,0,0,0,,,,,,,,,,,,,,,
Jorginho,Chelsea,Midfielder,28,,,57,53%,,0,40,20,6,,168,120,111,17,17,13,,1,1,"1,783",63.68,3,3,100%,4,76,2,0,32,0,7,0,7,0,0,0.25,7,0,14,9,64%,2,,,,,,,,
James Justin,Leicester City,Defender,23,9,25,61,61%,0,3,30,44,30,0,103,143,107,18,26,42,0,0,1,"1,054",45.83,4,59,12%,0,27,4,0,16,3,2,0,2,0,0,,,,,,,,,,,,,,,
Ozan Kabak,Liverpool,Defender,9,2,9,19,53%,1,0,12,27,11,0,54,51,40,3,26,20,0,1,0,584,64.89,0,0,0%,0,15,3,0,12,0,0,0,0,0,0,,,,,,,,,,,,,,,
Aboubakar Kamara,Fulham,Forward,11,,,2,,,1,1,0,0,,,,,,,,,,0,112,10.18,0,13,,,,1,1,9,0,0,0,0,0,0,0,0,0,4,2,50%,1,,,,,,,,
Harry Kane,Tottenham Hotspur,Forward,35,,,22,,,28,11,39,35,,,,,,,,,,14,908,25.94,14,38,,,,1,0,26,13,23,4,16,3,9,0.66,4,0,137,53,39%,13,,,,,,,,
N'Golo Kante,Chelsea,Midfielder,30,,,79,53%,,3,59,26,13,,194,129,119,26,17,28,,0,2,"1,529",50.97,2,8,13%,0,69,7,0,36,0,0,0,0,0,0,0,0,0,10,3,30%,1,,,,,,,,
Moise Kean,Everton,Forward,2,,,0,,,0,0,0,0,,,,,,,,,,0,6,3,0,2,,,,0,0,1,0,0,0,0,0,0,0,0,0,1,0,0%,0,,,,,,,,
Michael Keane,Everton,Defender,35,10,43,28,54%,1,1,51,156,93,0,125,149,87,4,111,48,0,0,1,"1,939",55.4,2,1,0%,0,130,4,0,15,0,3,2,0,1,0,,,,,,,,,,,,,,,
Neeskens Kebano,Fulham,Midfielder,5,,,0,0%,,3,0,0,0,,10,4,11,3,0,4,,0,0,36,7.2,0,7,0%,0,0,0,0,3,1,0,0,0,0,1,0,0,0,6,0,0%,0,,,,,,,,
Naby Keita,Liverpool,Midfielder,10,,,11,45%,,6,9,5,2,,35,25,42,8,4,9,,0,0,356,35.6,1,3,33%,1,7,1,0,13,0,0,0,0,0,0,0,0,0,9,2,22%,0,,,,,,,,
Caoimhin Kelleher,Liverpool,Goalkeeper,2,1,1,,,,,,,,,,,,,,,0,0,0,52,26,,,,,4,0,0,0,,0,,,,,,,,,,,,6,0,0,1,1,1,12,14
Martin Kelly,Crystal Palace,Defender,1,0,0,1,0%,0,0,0,0,0,0,1,1,0,0,0,0,0,0,0,3,3,0,0,0%,0,0,0,0,0,0,0,0,0,0,0,,,,,,,,,,,,,,,
Jonjoe Kenny,Everton,Defender,4,0,1,2,50%,0,0,1,2,1,0,0,2,0,0,0,0,0,0,0,42,10.5,0,6,17%,0,2,0,0,0,1,0,0,0,0,0,,,,,,,,,,,,,,,
Reda Khadra,Brighton & Hove Albion,Midfielder,1,,,0,0%,,0,0,0,0,,0,0,1,0,0,1,,0,0,1,1,0,0,0%,0,0,0,0,0,0,0,0,0,0,0,0,0,0,0,0,0%,0,,,,,,,,
Kiko Casilla,Leeds United,Goalkeeper,3,1,2,,,,,,,,,,,,,,,0,0,0,78,26,,,,,11,0,0,0,,0,,,,,,,,,,,,8,0,4,4,0,0,20,31
Maximilian Kilman,Wolverhampton Wanderers,Defender,18,5,11,21,67%,0,2,19,40,21,0,64,52,53,7,20,26,0,0,1,745,41.39,1,0,0%,0,16,4,0,20,0,0,0,0,0,0,,,,,,,,,,,,,,,
Joshua King,Everton,Forward,11,,,4,,,0,1,1,1,,,,,,,,,,0,49,4.45,0,1,,,,0,0,4,3,0,0,0,0,1,0,0,0,3,1,33%,1,,,,,,,,
Mateusz Klich,Leeds United,Midfielder,35,,,38,53%,,7,11,15,8,,163,84,147,13,15,18,,0,5,"1,467",41.91,3,63,19%,1,52,6,0,46,6,4,0,4,0,1,0.11,2,0,36,11,31%,0,,,,,,,,
Robin Koch,Leeds United,Defender,17,4,21,27,59%,1,5,27,31,12,0,76,76,56,4,38,29,0,1,0,769,45.24,0,1,0%,0,42,1,0,17,0,0,0,0,0,0,,,,,,,,,,,,,,,
Sead Kolasinac,Arsenal,Defender,1,0,1,0,0%,0,0,1,0,0,0,2,2,2,0,2,1,0,0,0,62,62,0,1,0%,0,1,0,0,1,0,0,0,0,0,0,,,,,,,,,,,,,,,
Terence Kongolo,Fulham,Defender,1,0,1,3,67%,0,0,2,2,1,0,3,7,3,0,3,2,0,0,0,44,44,0,1,100%,0,0,0,0,1,0,0,0,0,0,0,,,,,,,,,,,,,,,
Ezri Konsa Ngoyo,Aston Villa,Defender,36,12,46,25,52%,0,4,29,158,81,0,156,178,83,6,96,56,0,1,0,"1,287",35.75,0,3,0%,0,76,3,0,19,1,2,1,1,0,1,,,,,,,,,,,,,,,
Cheikhou Kouyate,Crystal Palace,Midfielder,36,,,58,64%,,2,32,123,57,,177,165,118,10,83,57,,0,0,"1,279",35.53,1,3,33%,0,89,4,0,36,0,1,1,0,0,1,0.03,0,0,7,2,29%,1,,,,,,,,
Mateo Kovacic,Chelsea,Midfielder,27,,,46,61%,,9,15,9,3,,121,140,77,53,12,12,,0,1,"1,762",65.26,3,6,17%,7,94,4,0,16,0,0,0,0,0,0,0,0,0,23,4,17%,0,,,,,,,,
Emil Krafth,Newcastle United,Defender,16,2,27,19,42%,0,3,15,46,25,0,61,56,49,3,26,19,0,1,0,455,28.44,1,18,17%,0,19,4,0,12,1,1,1,0,0,0,,,,,,,,,,,,,,,
Filip Krovinovic,West Bromwich Albion,Midfielder,11,,,13,77%,,3,4,2,0,,39,40,32,8,9,10,,0,0,360,32.73,0,11,45%,0,15,0,0,5,0,0,0,0,0,0,0,0,0,8,2,25%,0,,,,,,,,
Alexandre Lacazette,Arsenal,Forward,31,,,18,,,5,12,13,11,,,,,,,,,,2,514,16.58,2,3,,,,3,0,37,8,13,2,8,3,1,0.42,3,0,45,29,64%,9,,,,,,,,
Adam Lallana,Brighton & Hove Albion,Midfielder,30,,,28,46%,,8,15,12,6,,117,76,97,18,10,27,,0,1,923,30.77,4,12,17%,2,18,0,0,18,3,1,0,1,0,1,0.03,0,0,22,5,23%,0,,,,,,,,
Erik Lamela,Tottenham Hotspur,Midfielder,23,,,17,53%,,6,6,1,0,,40,58,77,25,6,12,,0,0,338,14.7,2,23,13%,1,8,4,1,24,0,1,0,0,1,3,0.04,0,0,21,9,43%,0,,,,,,,,
Tariq Lamptey,Brighton & Hove Albion,Defender,11,1,15,17,53%,0,3,19,9,3,0,59,63,61,13,5,11,0,0,1,374,34,2,34,29%,1,4,2,1,21,1,1,0,1,0,0,,,,,,,,,,,,,,,
Manuel Lanzini,West Ham United,Midfielder,17,,,9,22%,,2,7,5,2,,59,27,37,6,2,8,,0,1,370,21.76,1,3,67%,0,9,1,0,7,3,1,0,1,0,0,0.06,0,0,12,3,25%,1,,,,,,,,
Aymeric Laporte,Manchester City,Defender,16,7,10,13,46%,0,2,11,28,16,0,66,65,34,2,42,21,0,0,0,"1,274",79.63,1,1,0%,0,47,1,0,9,2,0,0,0,0,0,,,,,,,,,,,,,,,
Jamaal Lascelles,Newcastle United,Defender,19,2,32,14,50%,1,4,12,84,43,2,65,73,44,4,47,24,0,0,0,621,32.68,0,3,0%,0,42,4,0,17,0,2,2,0,0,1,,,,,,,,,,,,,,,
Maxime Le Marchand,Fulham,Defender,2,0,1,2,100%,0,0,0,3,2,0,9,6,6,0,3,3,0,0,0,85,42.5,0,0,0%,0,8,2,0,3,0,0,0,0,0,0,,,,,,,,,,,,,,,
Mario Lemina,Fulham,Midfielder,28,,,62,56%,,6,30,19,10,,118,126,109,26,23,25,,0,0,887,31.68,1,4,0%,1,47,5,0,32,0,1,0,1,0,0,0.04,0,0,19,3,16%,0,,,,,,,,
Bernd Leno,Arsenal,Goalkeeper,35,11,37,,,,,,,,,,,,,,,1,1,0,997,28.49,,,,,111,0,1,2,,0,,,,,,,,,,,,86,1,12,15,6,12,183,227
Thakgalo Leshabela,Leicester City,Midfielder,1,,,0,0%,,0,0,0,0,,2,0,1,0,0,0,,0,0,7,7,0,1,0%,0,0,0,0,0,0,0,0,0,0,0,0,0,0,0,0,0%,0,,,,,,,,
Victor Lindelof,Manchester United,Defender,29,10,30,22,45%,0,0,30,95,40,0,145,96,73,2,64,37,0,1,1,"1,866",64.34,0,1,0%,1,62,0,0,24,1,1,0,1,0,0,,,,,,,,,,,,,,,
Jesse Lingard,Manchester United,Midfielder,16,,,12,50%,,12,4,0,0,,62,54,80,18,0,5,,0,4,633,39.56,3,38,16%,1,16,3,0,21,6,9,0,5,4,0,0.56,1,0,42,22,52%,2,,,,,,,,
Jake Livermore,West Bromwich Albion,Midfielder,18,,,33,55%,,2,16,24,12,,73,54,73,2,12,17,,0,0,383,21.28,0,5,20%,1,17,2,1,30,0,0,0,0,0,1,0,0,0,5,0,0%,0,,,,,,,,
Diego Llorente,Leeds United,Defender,15,4,12,34,62%,0,3,20,38,19,0,103,82,61,6,33,24,0,0,0,718,47.87,1,2,0%,1,40,1,0,15,0,1,1,0,0,0,,,,,,,,,,,,,,,
Hugo Lloris,Tottenham Hotspur,Goalkeeper,38,12,45,,,,,,,,,,,,,,,0,1,0,898,23.63,,,,,183,0,0,0,,0,,,,,,,,,,,,114,0,9,22,6,5,180,264
Giovani Lo Celso,Tottenham Hotspur,Midfielder,18,,,28,79%,,3,7,5,1,,60,70,79,8,14,15,,0,1,570,31.67,2,31,13%,1,19,5,0,19,0,1,0,0,1,0,0.06,0,0,15,6,40%,1,,,,,,,,
Ruben Loftus-Cheek,Fulham,Midfielder,31,,,25,56%,,10,7,14,9,,104,161,198,38,45,79,,0,0,726,23.42,2,9,44%,2,9,3,0,29,3,1,0,1,0,0,0.03,0,0,35,10,29%,5,,,,,,,,
Kevin Long,Burnley,Defender,8,1,13,11,55%,0,0,6,24,9,0,40,31,30,0,18,21,0,0,0,265,33.13,0,1,0%,0,21,2,0,7,0,0,0,0,0,0,,,,,,,,,,,,,,,
Ademola Lookman,Fulham,Forward,34,,,35,,,22,20,7,3,,,,,,,,,,4,"1,049",30.85,9,134,,,,5,0,46,12,4,0,3,1,3,0.12,0,0,69,23,33%,4,,,,,,,,
Max Lowe,Sheffield United,Defender,8,0,10,26,42%,0,1,5,6,1,0,25,41,50,7,5,20,0,0,0,172,21.5,0,22,5%,0,5,1,0,10,0,0,0,0,0,0,,,,,,,,,,,,,,,
Matthew Lowton,Burnley,Defender,34,10,47,54,59%,0,3,56,79,44,1,196,127,106,27,34,23,0,0,1,"1,194",35.12,7,84,14%,2,108,5,0,19,0,1,0,1,0,1,,,,,,,,,,,,,,,
Lucas Moura,Tottenham Hotspur,Forward,30,,,32,,,5,18,10,8,,,,,,,,,,4,569,18.97,3,26,,,,1,0,23,3,3,1,0,2,0,0.1,0,0,18,6,33%,1,,,,,,,,
John Lundstram,Sheffield United,Midfielder,28,,,25,64%,,6,14,23,11,,130,73,103,15,14,17,,1,2,999,35.68,1,71,14%,1,50,8,1,24,1,0,0,0,0,0,0,0,0,20,5,25%,2,,,,,,,,
Alexis Mac Allister,Brighton & Hove Albion,Midfielder,21,,,26,46%,,13,9,2,1,,67,64,90,16,8,20,,0,1,396,18.86,2,11,0%,3,16,1,0,19,0,1,0,1,0,0,0.05,0,0,24,3,13%,1,,,,,,,,
James Maddison,Leicester City,Midfielder,31,,,32,50%,,26,9,4,0,,98,120,112,29,2,11,,0,5,"1,020",32.9,6,106,23%,6,34,4,0,19,5,8,0,6,2,2,0.26,0,1,75,23,31%,0,,,,,,,,
Harry Maguire,Manchester United,Defender,34,13,36,29,59%,0,9,60,122,86,0,199,203,105,8,135,43,0,1,1,"2,227",65.5,0,3,33%,0,152,11,0,40,1,2,2,0,0,1,,,,,,,,,,,,,,,
Riyad Mahrez,Manchester City,Forward,27,,,20,,,16,8,4,0,,,,,,,,,,6,"1,004",37.19,8,81,,,,0,0,13,7,9,1,1,7,3,0.33,0,0,58,22,38%,5,,,,,,,,
Ainsley Maitland-Niles,Arsenal,Midfielder,26,,,33,52%,,3,31,27,10,,116,80,113,22,8,22,,0,0,648,24.92,1,20,20%,0,26,2,0,16,2,0,0,0,0,0,0,0,0,12,4,33%,1,,,,,,,,
Josh Maja,Fulham,Forward,15,,,7,,,4,4,1,0,,,,,,,,,,0,180,12,0,0,,,,0,0,8,2,3,0,3,0,0,0.2,1,0,21,8,38%,3,,,,,,,,
Sadio Mane,Liverpool,Forward,35,,,48,,,23,15,9,8,,,,,,,,,,7,"1,008",28.8,11,60,,,,3,0,53,31,11,2,5,4,3,0.31,0,0,94,36,38%,18,,,,,,,,
Javier Manquillo,Newcastle United,Defender,13,3,15,24,58%,0,1,9,14,7,0,44,47,37,1,14,10,0,0,0,290,22.31,0,28,21%,0,10,1,0,7,0,0,0,0,0,0,,,,,,,,,,,,,,,
Marcal,Wolverhampton Wanderers,Defender,13,1,9,13,38%,0,1,12,19,12,0,30,34,33,7,11,8,0,0,0,301,23.15,0,13,8%,0,19,2,0,12,0,0,0,0,0,0,,,,,,,,,,,,,,,
Solly March,Brighton & Hove Albion,Midfielder,21,,,49,47%,,10,22,21,8,,117,133,105,44,15,22,,0,1,717,34.14,1,120,16%,0,43,0,0,26,2,2,1,1,0,1,0.1,0,0,22,4,18%,1,,,,,,,,
Pablo Mari,Arsenal,Defender,10,4,8,15,60%,0,1,9,29,15,0,36,47,34,3,27,22,0,0,0,629,62.9,0,0,0%,0,18,2,0,8,0,0,0,0,0,0,,,,,,,,,,,,,,,
Anthony Martial,Manchester United,Forward,22,,,2,,,10,1,8,5,,,,,,,,,,3,481,21.86,4,8,,,,0,1,15,15,4,1,3,0,0,0.18,0,0,43,21,49%,10,,,,,,,,
Arthur Masuaku,West Ham United,Defender,12,4,15,20,60%,0,1,8,17,6,0,62,65,77,29,9,14,0,1,2,476,39.67,3,41,29%,0,11,2,0,10,1,0,0,0,0,0,,,,,,,,,,,,,,,
Juan Mata,Manchester United,Midfielder,9,,,1,0%,,1,3,3,1,,25,8,17,2,1,2,,0,2,286,31.78,1,13,31%,2,6,0,0,1,2,1,0,0,1,0,0.11,1,0,5,4,80%,0,,,,,,,,
Jean-Philippe Mateta,Crystal Palace,Forward,7,,,1,,,1,0,2,1,,,,,,,,,,0,47,6.71,0,1,,,,0,0,3,5,1,0,1,0,0,0.14,0,0,4,2,50%,0,,,,,,,,
Matheus Pereira,West Bromwich Albion,Forward,33,,,26,,,14,29,14,8,,,,,,,,,,6,940,28.48,11,145,,,,2,1,34,13,11,0,0,11,3,0.33,4,1,65,28,43%,2,,,,,,,,
Nemanja Matic,Manchester United,Midfielder,20,,,25,44%,,2,22,9,5,,116,67,54,17,19,10,,0,0,"1,016",50.8,2,4,25%,1,53,2,0,14,0,0,0,0,0,0,0,0,0,6,3,50%,0,,,,,,,,
Joel Matip,Liverpool,Defender,10,3,5,14,64%,1,1,7,22,14,0,43,41,23,0,23,11,0,0,2,546,54.6,3,0,0%,1,14,2,0,11,0,1,1,0,0,0,,,,,,,,,,,,,,,
Matthew Longstaff,Newcastle United,Midfielder,5,,,3,67%,,0,7,2,2,,24,15,14,2,5,4,,0,0,139,27.8,0,4,50%,0,3,0,0,3,0,0,0,0,0,0,0,0,0,0,0,0%,0,,,,,,,,
Neal Maupay,Brighton & Hove Albion,Forward,33,,,20,,,22,13,6,2,,,,,,,,,,2,650,19.7,6,11,,,,1,1,27,12,8,0,7,1,0,0.24,3,0,71,26,37%,11,,,,,,,,
James McArthur,Crystal Palace,Midfielder,18,,,57,56%,,2,23,28,11,,114,106,84,14,21,13,,0,2,772,42.89,2,10,20%,0,35,3,0,32,0,0,0,0,0,0,0,0,0,6,0,0%,0,,,,,,,,
Oliver McBurnie,Sheffield United,Forward,23,,,15,,,6,6,29,27,,,,,,,,,,0,440,19.13,1,4,,,,2,0,24,4,1,1,0,0,1,0.04,0,0,30,13,43%,8,,,,,,,,
James McCarthy,Crystal Palace,Midfielder,16,,,16,75%,,1,8,11,3,,58,31,27,2,9,6,,0,0,331,20.69,0,11,45%,0,24,1,0,6,0,0,0,0,0,0,0,0,0,1,0,0%,0,,,,,,,,
John McGinn,Aston Villa,Midfielder,37,,,61,61%,,11,43,23,4,,234,211,205,52,22,48,,0,5,"1,367",36.95,6,52,21%,6,122,12,0,43,1,3,0,0,3,1,0.08,0,0,45,11,24%,2,,,,,,,,
David McGoldrick,Sheffield United,Forward,35,,,33,,,20,2,23,16,,,,,,,,,,1,909,25.97,1,21,,,,7,0,45,17,8,2,4,2,1,0.23,0,0,71,24,34%,6,,,,,,,,
Dwight McNeil,Burnley,Midfielder,36,,,47,,,7,32,18,9,,,,,,,,,,5,"1,106",30.72,8,242,,,,1,0,11,2,2,0,0,2,1,0.06,0,0,26,9,35%,0,,,,,,,,
Scott McTominay,Manchester United,Midfielder,32,,,51,47%,,11,29,43,29,,154,167,116,26,49,31,,0,1,"1,298",40.56,3,12,17%,0,68,3,0,47,1,4,1,2,1,0,0.13,0,0,26,8,31%,1,,,,,,,,
Ben Mee,Burnley,Defender,30,9,41,32,47%,0,1,43,148,81,1,170,163,99,4,110,66,0,1,0,"1,122",37.4,2,0,0%,0,110,3,0,15,1,2,2,0,0,1,,,,,,,,,,,,,,,
Hannibal Mejbri,Manchester United,Midfielder,1,,,0,0%,,0,0,0,0,,0,2,2,1,0,0,,0,0,3,3,0,0,0%,0,0,0,0,0,0,0,0,0,0,0,0,0,0,0,0,0%,0,,,,,,,,
Edouard Mendy,Chelsea,Goalkeeper,31,16,25,,,,,,,,,,,,,,,0,1,0,899,29,,,,,109,2,0,1,,0,,,,,,,,,,,,57,1,2,15,4,9,126,179
Illan Meslier,Leeds United,Goalkeeper,35,11,52,,,,,,,,,,,,,,,1,2,0,"1,080",30.86,,,,,167,0,0,1,,0,,,,,,,,,,,,140,1,24,22,4,11,286,267
Luka Milivojevic,Crystal Palace,Midfielder,31,,,65,52%,,6,35,46,22,,157,139,116,8,33,20,,1,1,"1,294",41.74,3,38,37%,2,75,8,1,38,0,1,0,1,0,0,0.03,1,0,19,7,37%,1,,,,,,,,
James Milner,Liverpool,Midfielder,26,,,26,73%,,4,14,14,7,,74,67,75,6,24,17,,0,1,857,32.96,1,34,29%,1,29,3,0,19,0,0,0,0,0,0,0,0,0,12,3,25%,0,,,,,,,,
Yerry Mina,Everton,Defender,24,5,22,21,67%,1,2,24,108,61,0,93,98,59,1,66,32,0,1,0,"1,257",52.38,0,0,0%,0,53,2,0,22,0,2,2,0,0,0,,,,,,,,,,,,,,,
Takumi Minamino,Liverpool,Forward,19,,,11,,,8,6,12,1,,,,,,,,,,0,387,20.37,1,12,,,,1,0,11,2,3,0,2,1,0,0.16,0,0,20,8,40%,3,,,,,,,,
Tyrone Mings,Aston Villa,Defender,36,14,42,32,50%,1,4,41,170,85,1,209,146,70,6,91,35,1,1,2,"1,679",46.64,0,5,20%,0,132,4,1,21,3,2,1,0,1,0,,,,,,,,,,,,,,,
Tyrick Mitchell,Crystal Palace,Defender,19,4,32,64,55%,1,0,21,46,12,0,95,97,58,11,11,15,0,0,1,599,31.53,0,27,19%,0,29,1,0,8,0,1,0,0,0,0,,,,,,,,,,,,,,,
Aleksandar Mitrovic,Fulham,Forward,27,,,7,,,12,3,7,6,,,,,,,,,,3,378,14,4,4,,,,3,0,22,3,3,1,1,1,1,0.11,1,0,59,20,34%,4,,,,,,,,
Jakub Moder,Brighton & Hove Albion,Midfielder,12,,,15,47%,,5,3,7,3,,35,34,55,9,7,12,,0,0,263,21.92,0,11,9%,0,5,0,0,12,2,0,0,0,0,0,0,0,0,13,3,23%,1,,,,,,,,
Mohamed Elneny,Arsenal,Midfielder,23,,,14,43%,,2,24,20,7,,92,35,62,4,8,24,,0,0,"1,010",43.91,0,2,0%,0,37,3,0,10,0,1,0,1,0,1,0.04,0,0,9,3,33%,0,,,,,,,,
Mohamed Salah,Liverpool,Forward,37,,,18,,,36,1,10,5,,,,,,,,,,5,"1,263",34.14,12,29,,,,0,0,22,13,22,2,1,19,1,0.59,6,0,126,52,41%,19,,,,,,,,
Jayson Molumby,Brighton & Hove Albion,Midfielder,1,,,0,0%,,0,0,0,0,,0,0,0,0,0,0,,0,0,1,1,0,0,0%,0,0,0,0,0,0,0,0,0,0,0,0,0,0,0,0,0%,0,,,,,,,,
Wes Morgan,Leicester City,Defender,3,0,0,0,0%,0,0,0,1,1,0,1,0,0,0,0,0,0,0,0,5,1.67,0,0,0%,0,1,0,0,0,0,0,0,0,0,0,,,,,,,,,,,,,,,
Mason Mount,Chelsea,Midfielder,36,,,75,47%,,23,31,12,5,,157,183,209,43,21,38,,0,5,"1,702",47.28,13,170,35%,3,58,2,0,50,4,6,0,4,2,3,0.17,1,0,82,27,33%,3,,,,,,,,
Lys Mousset,Sheffield United,Forward,11,,,1,,,0,0,1,0,,,,,,,,,,0,44,4,1,1,,,,0,0,7,4,0,0,0,0,0,0,0,0,4,2,50%,1,,,,,,,,
Joel Mumbongo,Burnley,Forward,4,,,0,,,0,0,0,0,,,,,,,,,,0,5,1.25,0,0,,,,1,0,1,1,0,0,0,0,0,0,0,0,0,0,0%,0,,,,,,,,
Jacob Murphy,Newcastle United,Midfielder,26,,,39,62%,,11,14,24,10,,99,106,115,39,6,21,,0,3,458,17.62,7,59,25%,0,22,3,0,23,2,2,0,2,0,1,0.08,0,1,30,9,30%,1,,,,,,,,
Shkodran Mustafi,Arsenal,Defender,3,0,1,1,100%,0,0,0,3,3,0,3,4,1,0,3,0,0,0,0,49,16.33,0,0,0%,0,2,0,0,1,0,0,0,0,0,0,,,,,,,,,,,,,,,
Daniel N'Lundulu,Southampton,Forward,13,,,0,,,0,0,2,1,,,,,,,,,,0,29,2.23,0,0,,,,0,0,6,1,0,0,0,0,0,0,0,0,1,0,0%,0,,,,,,,,
Marvelous Nakamba,Aston Villa,Midfielder,13,,,22,64%,,0,17,8,3,,58,42,23,4,6,8,,1,0,285,21.92,0,1,0%,0,8,3,0,8,0,0,0,0,0,0,0,0,0,2,1,50%,0,,,,,,,,
Iliman Ndiaye,Sheffield United,Midfielder,1,,,1,100%,,0,0,0,0,,1,1,0,0,0,0,,0,0,3,3,0,0,0%,0,0,0,0,0,0,0,0,0,0,0,0,0,0,0,0,0%,0,,,,,,,,
Wilfred Ndidi,Leicester City,Midfielder,26,,,96,66%,,3,61,52,33,,227,184,149,16,57,36,,0,4,"1,432",55.08,3,5,0%,1,53,6,0,54,0,1,0,0,1,0,0.04,0,0,16,1,6%,0,,,,,,,,
Tanguy Ndombele,Tottenham Hotspur,Midfielder,33,,,41,49%,,8,19,11,4,,122,186,127,74,10,18,,0,2,"1,172",35.52,5,7,29%,8,21,3,0,26,0,3,0,2,1,0,0.09,0,0,18,7,39%,1,,,,,,,,
Neco Williams,Liverpool,Defender,6,0,1,6,83%,0,1,6,4,2,0,16,19,17,5,3,5,0,0,0,157,26.17,0,24,4%,0,3,1,0,3,0,0,0,0,0,0,,,,,,,,,,,,,,,
Reiss Nelson,Arsenal,Forward,2,,,1,,,0,1,1,0,,,,,,,,,,0,17,8.5,0,11,,,,0,0,2,0,0,0,0,0,0,0,0,0,1,0,0%,0,,,,,,,,
Nelson Semedo,Wolverhampton Wanderers,Defender,34,8,45,85,56%,1,6,41,70,43,0,179,223,182,62,41,45,1,1,1,"1,567",46.09,0,75,23%,1,54,5,0,41,2,1,0,1,0,0,,,,,,,,,,,,,,,
Eddie Nketiah,Arsenal,Forward,17,,,3,,,4,0,5,3,,,,,,,,,,1,91,5.35,1,2,,,,0,0,10,0,2,0,2,0,0,0.12,0,0,12,5,42%,0,,,,,,,,
Niels Nkounkou,Everton,Defender,2,0,1,4,75%,0,0,0,4,2,0,3,6,9,2,0,0,0,0,0,28,14,0,4,25%,0,1,1,0,1,0,0,0,0,0,0,,,,,,,,,,,,,,,
Mark Noble,West Ham United,Midfielder,21,,,8,50%,,0,13,3,2,,52,21,27,2,3,2,,0,0,430,20.48,0,7,43%,0,28,1,0,9,1,0,0,0,0,0,0,0,0,1,0,0%,0,,,,,,,,
Will Norris,Burnley,Goalkeeper,2,0,4,,,,,,,,,,,,,,,0,0,0,56,28,,,,,21,0,0,0,,0,,,,,,,,,,,,2,0,1,2,0,0,1,18
Oliver Norwood,Sheffield United,Midfielder,32,,,49,45%,,3,36,49,26,,182,74,103,2,16,17,,0,0,"1,405",43.91,2,114,28%,1,113,6,0,26,0,0,0,0,0,0,0,0,0,11,1,9%,0,,,,,,,,
Jack O'Connell,Sheffield United,Defender,2,0,3,3,33%,0,0,2,7,4,0,8,8,12,0,5,10,0,0,0,77,38.5,0,1,0%,0,4,0,0,0,1,0,0,0,0,0,,,,,,,,,,,,,,,
Dara O'Shea,West Bromwich Albion,Defender,28,3,51,45,56%,0,1,45,97,54,0,101,137,87,5,72,42,0,0,0,810,28.93,0,11,9%,0,89,3,0,13,0,0,0,0,0,0,,,,,,,,,,,,,,,
Michael Obafemi,Southampton,Forward,4,,,1,,,0,0,0,0,,,,,,,,,,0,12,3,0,1,,,,0,0,1,0,0,0,0,0,0,0,0,0,0,0,0%,0,,,,,,,,
Denis Odoi,Fulham,Defender,3,0,10,3,100%,0,0,5,5,3,0,19,14,17,1,6,5,0,0,0,168,56,0,5,20%,0,7,1,0,7,1,0,0,0,0,0,,,,,,,,,,,,,,,
Angelo Ogbonna,West Ham United,Defender,28,8,34,26,50%,0,2,30,116,73,0,125,101,87,3,63,47,0,0,0,"1,018",36.36,1,3,33%,0,50,5,0,28,1,3,3,0,0,2,,,,,,,,,,,,,,,
Robin Olsen,Everton,Goalkeeper,7,2,9,,,,,,,,,,,,,,,0,0,0,176,25.14,,,,,45,1,0,0,,0,,,,,,,,,,,,21,0,1,4,0,0,23,51
Josh Onomah,Fulham,Midfielder,11,,,11,73%,,2,2,1,0,,18,17,33,2,4,8,,0,0,170,15.45,0,2,0%,0,4,1,0,12,0,0,0,0,0,0,0,0,0,6,1,17%,0,,,,,,,,
Divock Origi,Liverpool,Forward,9,,,3,,,0,1,2,2,,,,,,,,,,0,56,6.22,0,3,,,,0,0,0,0,0,0,0,0,1,0,0,0,7,2,29%,2,,,,,,,,
Ben Osborn,Sheffield United,Midfielder,24,,,33,55%,,4,12,13,7,,95,79,85,19,13,17,,0,0,743,30.96,4,68,25%,2,20,1,0,10,4,1,0,1,0,0,0.04,0,0,9,4,44%,0,,,,,,,,
Owen Otasowie,Wolverhampton Wanderers,Midfielder,6,,,5,100%,,1,3,4,3,,16,22,20,3,8,9,,0,1,59,9.83,0,0,0%,0,0,1,0,3,0,0,0,0,0,0,0,0,0,4,0,0%,1,,,,,,,,
Alex Oxlade-Chamberlain,Liverpool,Midfielder,13,,,4,0%,,1,2,0,0,,15,10,19,1,4,3,,0,1,131,10.08,1,8,0%,0,9,0,0,3,0,1,0,0,1,0,0.08,0,0,8,4,50%,0,,,,,,,,
Pablo Hernandez,Leeds United,Midfielder,16,,,5,60%,,6,0,0,0,,35,21,15,10,0,2,,0,2,378,23.63,1,13,0%,1,24,1,0,1,0,0,0,0,0,1,0,0,0,15,3,20%,1,,,,,,,,
Thomas Partey,Arsenal,Midfielder,24,,,44,48%,,7,23,15,6,,140,112,83,28,23,18,,0,2,"1,140",47.5,2,6,0%,2,65,5,0,18,0,0,0,0,0,1,0,0,0,26,4,15%,1,,,,,,,,
Bailey Peacock-Farrell,Burnley,Goalkeeper,4,0,14,,,,,,,,,,,,,,,0,0,0,106,26.5,,,,,43,0,0,0,,0,,,,,,,,,,,,10,0,1,0,0,2,6,29
Pedro Neto,Wolverhampton Wanderers,Forward,31,,,16,,,19,31,5,5,,,,,,,,,,6,"1,019",32.87,9,205,,,,4,0,24,4,5,0,1,4,1,0.16,0,0,61,21,34%,4,,,,,,,,
Lee Peltier,West Bromwich Albion,Defender,4,0,8,9,44%,0,0,1,11,7,0,16,13,4,1,3,0,0,0,0,65,16.25,0,3,67%,0,1,1,0,4,0,0,0,0,0,0,,,,,,,,,,,,,,,
Nicolas Pepe,Arsenal,Forward,29,,,20,,,9,12,12,9,,,,,,,,,,1,629,21.69,1,57,,,,1,1,11,4,10,0,3,7,3,0.34,1,0,48,21,44%,3,,,,,,,,
Ayoze Perez,Leicester City,Forward,25,,,32,,,13,10,7,2,,,,,,,,,,1,470,18.8,0,21,,,,2,0,31,7,2,0,2,0,2,0.08,0,0,31,13,42%,4,,,,,,,,
Kalvin Phillips,Leeds United,Midfielder,29,,,74,51%,,2,45,49,26,,214,155,144,20,30,34,,1,2,"1,404",48.41,5,77,38%,2,136,10,0,46,0,1,0,1,0,0,0.03,0,1,15,5,33%,0,,,,,,,,
Jaden Philogene-Bidace,Aston Villa,Midfielder,1,,,0,0%,,0,0,0,0,,1,0,0,0,0,0,,0,0,4,4,0,0,0%,0,0,0,0,0,1,0,0,0,0,0,0,0,0,0,0,0%,0,,,,,,,,
Jordan Pickford,Everton,Goalkeeper,31,10,39,,,,,,,,,,,,,,,0,2,0,998,32.19,,,,,263,1,0,1,,0,,,,,,,,,,,,90,0,23,13,2,10,151,198
Erik Pieters,Burnley,Defender,20,2,19,30,70%,0,1,12,27,13,1,74,70,69,6,13,9,1,0,1,472,23.6,0,19,0%,0,27,1,0,26,1,0,0,0,0,0,,,,,,,,,,,,,,,
Paul Pogba,Manchester United,Midfielder,26,,,36,72%,,9,26,37,24,,148,173,167,44,55,33,,0,3,"1,333",51.27,4,22,9%,4,97,3,0,41,4,3,0,2,1,0,0.12,0,0,31,11,35%,3,,,,,,,,
Nick Pope,Burnley,Goalkeeper,32,11,37,,,,,,,,,,,,,,,0,2,0,839,26.22,,,,,279,1,0,2,,0,,,,,,,,,,,,114,0,11,31,4,28,136,251
Ian Poveda-Ocampo,Leeds United,Forward,14,,,5,,,2,1,2,0,,,,,,,,,,0,111,7.93,3,9,,,,0,0,5,2,0,0,0,0,0,0,0,0,5,3,60%,0,,,,,,,,
Dennis Praet,Leicester City,Midfielder,15,,,14,50%,,4,7,3,2,,40,24,50,6,2,10,,0,1,294,19.6,2,19,21%,1,6,0,0,12,0,1,0,1,0,0,0.07,0,0,8,2,25%,0,,,,,,,,
Davy Propper,Brighton & Hove Albion,Midfielder,7,,,6,83%,,2,1,0,0,,15,11,14,2,3,4,,0,0,93,13.29,0,3,0%,0,4,0,0,1,0,0,0,0,0,0,0,0,0,4,2,50%,0,,,,,,,,
Christian Pulisic,Chelsea,Midfielder,27,,,19,58%,,11,12,8,4,,60,120,156,49,19,42,,0,2,662,24.52,5,35,14%,1,10,2,0,13,4,4,0,1,3,1,0.15,0,0,43,16,37%,5,,,,,,,,
Kayne Ramsay,Southampton,Defender,1,0,9,5,40%,0,0,0,3,1,0,6,5,2,0,0,1,0,0,0,19,19,0,0,0%,0,0,1,0,1,0,0,0,0,0,0,,,,,,,,,,,,,,,
Aaron Ramsdale,Sheffield United,Goalkeeper,38,5,63,,,,,,,,,,,,,,,0,2,0,"1,019",26.82,,,,,281,1,0,1,,0,,,,,,,,,,,,147,0,12,23,9,13,128,281
Jacob Ramsey,Aston Villa,Midfielder,22,,,10,50%,,5,4,5,4,,38,35,49,7,7,9,,0,0,221,10.05,0,8,25%,0,11,0,0,13,2,0,0,0,0,0,0,0,0,11,1,9%,0,,,,,,,,
Darren Randolph,West Ham United,Goalkeeper,3,1,3,,,,,,,,,,,,,,,0,0,0,61,20.33,,,,,15,0,0,0,,0,,,,,,,,,,,,6,0,3,0,0,1,5,23
Raphinha,Leeds United,Forward,30,,,34,,,19,29,26,17,,,,,,,,,,9,876,29.2,12,165,,,,3,0,13,14,6,0,1,5,3,0.2,0,1,67,24,36%,4,,,,,,,,
Marcus Rashford,Manchester United,Forward,37,,,18,,,21,8,10,7,,,,,,,,,,9,"1,189",32.14,5,36,,,,4,0,25,27,11,0,8,3,1,0.3,0,0,79,37,47%,11,,,,,,,,
Tim Ream,Fulham,Defender,7,0,13,12,42%,1,0,6,23,7,0,35,24,18,1,11,10,0,0,0,468,66.86,0,0,0%,0,26,0,0,3,0,0,0,0,0,0,,,,,,,,,,,,,,,
Nathan Redmond,Southampton,Midfielder,29,,,30,57%,,11,11,8,2,,93,94,139,39,10,26,,0,3,697,24.03,6,29,14%,1,20,1,0,31,3,2,0,2,0,1,0.07,0,0,45,13,29%,2,,,,,,,,
Harrison Reed,Fulham,Midfielder,31,,,63,60%,,2,50,26,12,,180,123,129,15,20,28,,0,2,"1,477",47.65,2,27,26%,0,45,5,0,40,0,0,0,0,0,2,0,0,0,13,4,31%,0,,,,,,,,
Sergio Reguilon,Tottenham Hotspur,Defender,27,7,31,47,53%,0,7,32,41,16,0,134,117,128,22,29,37,1,1,3,"1,200",44.44,4,62,24%,0,38,5,0,26,1,0,0,0,0,0,,,,,,,,,,,,,,,
Rhys Williams,Liverpool,Defender,9,3,6,6,67%,0,2,6,26,19,0,34,38,12,0,30,8,0,0,0,504,56,0,0,0%,1,19,0,0,4,0,0,0,0,0,0,,,,,,,,,,,,,,,
Ricardo Pereira,Leicester City,Defender,15,2,19,31,71%,0,3,15,19,8,1,53,64,84,14,11,13,0,0,1,464,30.93,1,15,27%,1,10,3,0,18,0,0,0,0,0,0,,,,,,,,,,,,,,,
Declan Rice,West Ham United,Midfielder,32,,,59,59%,,7,59,35,21,,233,144,105,29,44,30,,0,1,"1,526",47.69,2,30,27%,1,75,2,0,21,2,2,0,2,0,3,0.06,1,0,27,8,30%,2,,,,,,,,
Lewis Richardson,Burnley,Midfielder,2,,,0,,,0,0,0,0,,,,,,,,,,0,1,0.5,0,0,,,,0,0,0,0,0,0,0,0,0,0,0,0,0,0,0%,0,,,,,,,,
Richarlison,Everton,Forward,34,,,50,,,21,14,35,24,,,,,,,,,,3,749,22.03,4,37,,,,4,1,33,25,7,2,5,0,1,0.21,1,0,81,32,40%,10,,,,,,,,
Jairo Riedewald,Crystal Palace,Midfielder,33,,,34,44%,,3,29,23,8,,98,65,62,13,12,9,,0,0,630,19.09,2,2,0%,0,17,4,0,21,0,2,0,0,2,0,0.06,0,0,8,2,25%,1,,,,,,,,
Matt Ritchie,Newcastle United,Midfielder,18,,,10,30%,,6,12,41,23,,63,49,55,8,12,18,,0,2,437,24.28,5,105,31%,0,26,2,0,12,1,0,0,0,0,0,0,0,0,11,1,9%,0,,,,,,,,
Roberto Firmino,Liverpool,Forward,36,,,33,,,26,11,12,7,,,,,,,,,,7,"1,301",36.14,11,14,,,,2,0,22,4,9,3,5,1,3,0.25,0,0,83,34,41%,13,,,,,,,,
Andrew Robertson,Liverpool,Defender,38,10,42,46,74%,0,5,21,68,31,1,229,113,114,28,30,26,0,1,7,"2,680",70.53,11,294,20%,2,79,2,0,23,8,1,0,0,1,0,,,,,,,,,,,,,,,
Antonee Robinson,Fulham,Defender,28,4,27,45,62%,0,4,37,54,39,0,135,140,99,51,36,18,0,0,0,"1,047",37.39,4,101,27%,0,33,4,1,20,1,0,0,0,0,0,,,,,,,,,,,,,,,
Hal Robson-Kanu,West Bromwich Albion,Forward,19,,,2,,,4,2,7,5,,,,,,,,,,0,79,4.16,0,1,,,,2,0,15,4,2,0,0,2,0,0.11,0,0,13,6,46%,2,,,,,,,,
Marek Rodak,Fulham,Goalkeeper,2,0,5,,,,,,,,,,,,,,,0,0,0,41,20.5,,,,,8,0,0,0,,0,,,,,,,,,,,,4,0,2,1,0,1,6,7
Joe Rodon,Tottenham Hotspur,Defender,12,2,12,14,64%,1,0,21,35,16,0,36,43,16,0,22,13,0,1,0,429,35.75,0,0,0%,0,15,0,0,2,1,0,0,0,0,0,,,,,,,,,,,,,,,
Rodri,Manchester City,Midfielder,34,,,72,56%,,9,36,54,36,,285,209,135,28,80,32,,2,2,"2,785",81.91,1,14,14%,2,155,6,0,44,2,2,1,1,0,2,0.06,1,0,32,8,25%,2,,,,,,,,
Rodrigo,Leeds United,Forward,26,,,14,,,12,5,15,10,,,,,,,,,,2,559,21.5,4,22,,,,3,0,19,3,7,2,1,4,4,0.27,0,0,46,18,39%,2,,,,,,,,
Jay Rodriguez,Burnley,Forward,31,,,25,,,10,2,6,5,,,,,,,,,,2,274,8.84,3,4,,,,3,0,31,14,1,1,0,0,0,0.03,0,0,31,9,29%,3,,,,,,,,
Oriol Romeu,Southampton,Midfielder,21,,,69,51%,,5,30,15,4,,161,137,120,14,31,30,,0,1,"1,275",60.71,3,9,22%,1,37,6,0,30,0,1,0,1,0,1,0.05,0,0,14,4,29%,0,,,,,,,,
Ruben Dias,Manchester City,Defender,32,15,21,24,54%,0,1,35,90,49,0,135,111,78,6,62,39,1,0,0,"2,713",84.78,0,2,50%,1,109,4,0,21,1,1,1,0,0,0,,,,,,,,,,,,,,,
Ruben Neves,Wolverhampton Wanderers,Midfielder,36,,,86,53%,,22,65,40,20,,223,138,142,10,26,25,,0,1,"1,979",54.97,3,23,17%,1,193,8,0,46,0,5,1,4,0,1,0.14,3,0,67,16,24%,0,,,,,,,,
Ruben Vinagre,Wolverhampton Wanderers,Defender,2,0,7,7,71%,0,0,2,4,3,0,12,10,14,2,1,3,0,0,0,80,40,0,4,50%,0,2,0,0,2,0,0,0,0,0,0,,,,,,,,,,,,,,,
John Ruddy,Wolverhampton Wanderers,Goalkeeper,2,0,1,,,,,,,,,,,,,,,0,0,0,14,7,,,,,3,0,0,0,,0,,,,,,,,,,,,3,0,0,2,0,0,10,5
Antonio Rudiger,Chelsea,Defender,19,11,10,31,74%,0,3,18,51,26,0,119,87,43,3,42,21,1,0,0,"1,523",80.16,1,3,33%,0,76,0,0,16,1,1,0,0,1,0,,,,,,,,,,,,,,,
Rui Patricio,Wolverhampton Wanderers,Goalkeeper,37,10,51,,,,,,,,,,,,,,,0,2,0,662,17.89,,,,,174,1,0,0,,0,,,,,,,,,,,,100,1,5,20,7,4,146,268
Runar Alex Runarsson,Arsenal,Goalkeeper,1,0,0,,,,,,,,,,,,,,,0,0,0,9,9,,,,,0,0,0,0,,0,,,,,,,,,,,,2,0,0,0,0,0,2,1
Mat Ryan,Brighton & Hove Albion,Goalkeeper,14,3,21,,,,,,,,,,,,,,,0,0,0,397,28.36,,,,,62,1,0,1,,0,,,,,,,,,,,,24,0,10,12,0,3,82,65
Allan Saint-Maximin,Newcastle United,Forward,25,,,16,,,10,4,1,0,,,,,,,,,,4,417,16.68,6,21,,,,0,0,10,5,3,0,2,1,0,0.12,0,0,30,13,43%,3,,,,,,,,
Romain Saiss,Wolverhampton Wanderers,Midfielder,27,,,35,69%,,3,52,111,67,,142,126,110,9,71,60,,1,0,"1,428",52.89,1,17,24%,0,107,2,0,29,1,3,3,0,0,2,0.11,0,0,28,11,39%,4,,,,,,,,
Bukayo Saka,Arsenal,Midfielder,32,,,25,,,23,25,19,6,,,,,,,,,,3,978,30.56,5,148,,,,1,0,28,15,5,1,2,2,3,0.16,0,0,61,20,33%,6,,,,,,,,
Mamadou Sakho,Crystal Palace,Defender,4,0,8,3,67%,0,0,3,11,5,0,14,9,9,0,5,7,0,0,0,92,23,0,0,0%,0,4,0,0,2,0,0,0,0,0,0,,,,,,,,,,,,,,,
Mohammed Salisu,Southampton,Defender,12,0,19,38,55%,0,0,17,29,13,0,49,72,49,9,21,21,0,0,0,360,30,0,1,0%,0,11,1,0,10,0,0,0,0,0,0,,,,,,,,,,,,,,,
Robert Sanchez,Brighton & Hove Albion,Goalkeeper,27,10,27,,,,,,,,,,,,,,,0,1,0,984,36.44,,,,,187,2,0,2,,0,,,,,,,,,,,,66,0,3,21,3,7,118,177
Morgan Sanson,Aston Villa,Midfielder,9,,,7,57%,,0,4,1,1,,19,24,18,4,5,3,,0,0,138,15.33,0,16,6%,0,6,3,0,6,2,0,0,0,0,0,0,0,0,2,0,0%,0,,,,,,,,
Romaine Sawyers,West Bromwich Albion,Midfielder,19,,,30,60%,,1,18,10,6,,127,65,75,8,13,5,,2,0,720,37.89,1,3,33%,1,41,2,0,18,0,0,0,0,0,0,0,0,0,4,0,0%,0,,,,,,,,
Dane Scarlett,Tottenham Hotspur,Forward,1,,,0,,,0,0,0,0,,,,,,,,,,0,0,0,0,0,,,,0,0,0,0,0,0,0,0,0,0,0,0,0,0,0%,0,,,,,,,,
Fabian Schar,Newcastle United,Defender,18,2,21,13,31%,0,3,27,51,25,0,87,51,70,7,16,25,0,1,0,581,32.28,0,6,0%,0,63,4,1,22,1,1,0,1,0,0,,,,,,,,,,,,,,,
Jeffrey Schlupp,Crystal Palace,Midfielder,27,,,29,55%,,4,22,11,8,,65,107,161,31,30,45,,0,3,398,14.74,5,30,20%,0,11,3,0,25,0,2,0,1,1,0,0.07,0,0,18,10,56%,1,,,,,,,,
Kasper Schmeichel,Leicester City,Goalkeeper,38,11,50,,,,,,,,,,,,,,,1,0,0,"1,067",28.08,,,,,241,0,0,0,,0,,,,,,,,,,,,88,0,7,17,5,4,181,210
Sean Longstaff,Newcastle United,Midfielder,22,,,31,45%,,5,19,13,6,,67,67,75,4,11,19,,1,1,558,25.36,1,25,24%,0,50,2,0,22,0,0,0,0,0,1,0,0,0,15,5,33%,2,,,,,,,,
Femi Seriki,Sheffield United,Midfielder,1,,,0,0%,,0,0,0,0,,0,0,0,0,0,0,,0,0,0,0,0,0,0%,0,0,0,0,0,0,0,0,0,0,0,0,0,0,0,0,0%,0,,,,,,,,
Jamie Shackleton,Leeds United,Midfielder,13,,,10,60%,,0,9,2,1,,25,15,17,3,0,6,,0,0,192,14.77,0,2,50%,0,3,0,0,3,1,0,0,0,0,0,0,0,0,0,0,0%,0,,,,,,,,
Xherdan Shaqiri,Liverpool,Midfielder,14,,,7,57%,,5,2,0,0,,34,21,33,6,2,7,,0,2,399,28.5,4,22,32%,5,13,2,0,11,0,0,0,0,0,0,0,0,0,11,0,0%,0,,,,,,,,
Billy Sharp,Sheffield United,Forward,16,,,5,,,0,0,2,2,,,,,,,,,,0,112,7,1,8,,,,1,0,14,11,3,0,3,0,0,0.19,2,0,9,6,67%,1,,,,,,,,
Luke Shaw,Manchester United,Defender,32,10,33,44,64%,0,2,20,39,16,0,187,146,125,36,38,28,1,0,5,"1,609",50.28,7,189,30%,0,29,8,0,42,3,1,0,0,1,0,,,,,,,,,,,,,,,
Jonjo Shelvey,Newcastle United,Midfielder,30,,,39,36%,,14,36,40,18,,181,96,91,20,28,23,,0,3,"1,401",46.7,4,94,23%,1,173,7,0,31,0,1,0,1,0,1,0.03,0,0,42,9,21%,1,,,,,,,,
Shola Shoretire,Manchester United,Forward,2,,,0,,,0,0,0,0,,,,,,,,,,0,6,3,0,0,,,,0,0,0,0,0,0,0,0,0,0,0,0,0,0,0%,0,,,,,,,,
Sidnei Tavares,Leicester City,Midfielder,2,,,1,100%,,0,0,0,0,,6,6,5,1,1,1,,0,0,26,13,0,0,0%,0,0,0,0,1,0,0,0,0,0,0,0,0,0,1,1,100%,0,,,,,,,,
Gylfi Sigurdsson,Everton,Midfielder,36,,,30,67%,,16,34,17,5,,119,67,102,14,5,11,,0,5,853,23.69,4,100,29%,2,24,2,0,22,0,6,0,5,1,2,0.17,3,0,49,17,35%,3,,,,,,,,
Moussa Sissoko,Tottenham Hotspur,Midfielder,25,,,22,73%,,2,23,22,15,,113,65,78,18,16,22,,0,0,761,30.44,0,9,11%,0,30,3,0,22,0,0,0,0,0,0,0,0,0,3,1,33%,0,,,,,,,,
Islam Slimani,Leicester City,Forward,1,,,0,,,0,0,0,0,,,,,,,,,,0,9,9,0,0,,,,0,0,0,0,0,0,0,0,0,0,0,0,1,0,0%,0,,,,,,,,
William Smallbone,Southampton,Midfielder,3,,,6,,,0,2,1,0,,,,,,,,,,0,73,24.33,0,5,,,,0,0,3,0,0,0,0,0,0,0,0,0,1,1,100%,0,,,,,,,,
Emile Smith Rowe,Arsenal,Midfielder,20,,,14,50%,,3,10,9,5,,79,48,53,10,4,10,,0,4,726,36.3,4,17,12%,1,10,0,0,5,4,2,0,0,2,1,0.1,0,0,13,6,46%,1,,,,,,,,
Robert Snodgrass,West Ham United,Midfielder,11,,,17,71%,,3,1,12,5,,38,44,35,4,9,13,,0,0,136,12.36,1,8,38%,0,4,2,0,8,1,0,0,0,0,0,0,0,0,4,1,25%,0,,,,,,,,
Son Heung-Min,Tottenham Hotspur,Forward,37,,,32,,,15,14,3,2,,,,,,,,,,10,"1,057",28.57,14,148,,,,0,0,14,16,17,1,11,5,5,0.46,1,0,68,36,53%,10,,,,,,,,
Tomas Soucek,West Ham United,Midfielder,38,,,78,53%,,13,62,102,70,,246,364,308,16,234,161,,0,1,"1,607",42.29,2,9,11%,0,84,7,1,69,2,10,3,6,1,1,0.26,0,0,64,23,36%,1,,,,,,,,
Caglar Soyuncu,Leicester City,Defender,23,5,30,27,63%,0,1,28,80,42,0,91,107,73,4,63,36,0,1,0,"1,381",60.04,1,10,40%,0,47,2,0,18,0,1,1,0,0,0,,,,,,,,,,,,,,,
Zack Steffen,Manchester City,Goalkeeper,1,0,1,,,,,,,,,,,,,,,0,0,0,26,26,,,,,1,0,0,1,,0,,,,,,,,,,,,1,0,0,0,1,0,4,8
Dale Stephens,Burnley,Midfielder,7,,,11,55%,,3,8,1,0,,21,19,19,1,5,2,,0,0,119,17,0,0,0%,0,7,1,0,8,0,0,0,0,0,0,0,0,0,4,0,0%,0,,,,,,,,
Raheem Sterling,Manchester City,Forward,31,,,21,,,21,15,4,2,,,,,,,,,,7,"1,113",35.9,9,20,,,,4,0,36,9,10,2,6,2,3,0.32,0,1,70,28,40%,13,,,,,,,,
John Stones,Manchester City,Defender,22,14,12,21,48%,0,4,18,54,28,0,106,78,34,10,38,21,0,1,0,"1,727",78.5,0,1,0%,0,61,0,1,7,1,4,1,2,1,0,,,,,,,,,,,,,,,
Pascal Struijk,Leeds United,Defender,27,7,32,49,61%,0,4,47,84,40,0,129,106,94,4,46,48,0,0,0,"1,296",48,0,1,100%,0,61,3,0,26,0,1,1,0,0,0,,,,,,,,,,,,,,,
Japhet Tanganga,Tottenham Hotspur,Defender,6,2,8,5,80%,0,0,3,13,9,0,28,33,36,9,12,14,0,0,0,199,33.17,1,4,25%,1,3,2,0,11,0,0,0,0,0,0,,,,,,,,,,,,,,,
Matt Targett,Aston Villa,Defender,38,15,44,83,47%,0,2,55,87,54,0,177,191,125,15,71,50,0,0,2,"1,684",44.32,3,146,18%,1,117,7,0,28,0,0,0,0,0,0,,,,,,,,,,,,,,,
James Tarkowski,Burnley,Defender,36,11,50,66,59%,1,1,44,159,92,4,160,272,128,12,165,73,0,1,0,"1,259",34.97,1,6,33%,0,130,6,0,27,3,1,1,0,0,0,,,,,,,,,,,,,,,
Percy Tau,Brighton & Hove Albion,Forward,3,,,1,,,0,0,0,0,,,,,,,,,,1,31,10.33,1,2,,,,0,0,0,0,0,0,0,0,0,0,0,0,0,0,0%,0,,,,,,,,
Neil Taylor,Aston Villa,Defender,1,0,2,1,100%,0,0,0,0,0,0,2,1,1,0,0,0,0,0,0,9,9,0,0,0%,0,0,1,0,1,0,0,0,0,0,0,,,,,,,,,,,,,,,
Allan Tchaptchet,Southampton,Defender,1,0,3,0,0%,0,0,0,0,0,0,0,1,0,0,1,0,0,0,0,1,1,0,0,0%,0,0,0,0,0,0,0,0,0,0,0,,,,,,,,,,,,,,,
Nathan Tella,Southampton,Midfielder,18,,,8,63%,,4,3,2,0,,32,44,83,11,1,22,,0,1,135,7.5,2,7,29%,0,1,2,0,16,5,1,0,1,0,0,0.06,0,0,17,8,47%,2,,,,,,,,
Kenny Tete,Fulham,Defender,22,4,27,48,63%,0,3,27,44,21,0,85,105,72,10,29,20,0,0,1,690,31.36,2,72,32%,0,32,3,0,28,2,0,0,0,0,0,,,,,,,,,,,,,,,
Thiago,Liverpool,Midfielder,24,,,61,59%,,11,30,11,6,,153,150,141,33,31,31,,0,0,"1,720",71.67,3,7,14%,3,120,4,0,48,0,1,0,1,0,0,0.04,0,0,22,5,23%,1,,,,,,,,
Thiago Silva,Chelsea,Defender,23,10,20,20,60%,0,4,33,82,44,1,133,85,50,2,47,27,0,1,0,"1,940",84.35,0,3,0%,0,115,3,1,13,0,2,2,0,0,0,,,,,,,,,,,,,,,
Youri Tielemans,Leicester City,Midfielder,38,,,86,52%,,16,46,16,8,,271,217,184,43,35,28,,0,4,"2,482",65.32,3,138,15%,11,115,6,0,37,0,6,0,5,1,2,0.16,2,0,49,20,41%,1,,,,,,,,
Kieran Tierney,Arsenal,Defender,27,8,27,27,56%,0,6,16,56,26,0,115,77,103,16,18,42,0,0,3,"1,180",43.7,5,125,18%,0,44,4,0,14,0,1,0,1,0,0,,,,,,,,,,,,,,,
James Tomkins,Crystal Palace,Defender,8,2,12,4,50%,0,0,4,43,22,0,22,16,14,0,12,10,0,0,0,182,22.75,0,0,0%,0,12,1,0,3,0,0,0,0,0,1,,,,,,,,,,,,,,,
Fikayo Tomori,Chelsea,Defender,1,0,2,2,50%,0,0,2,8,6,0,5,2,1,0,0,0,0,0,0,29,29,0,0,0%,0,0,0,0,1,0,0,0,0,0,0,,,,,,,,,,,,,,,
Ferran Torres,Manchester City,Forward,24,,,12,,,11,3,7,3,,,,,,,,,,2,406,16.92,2,33,,,,1,0,16,5,7,0,5,2,0,0.29,0,0,36,15,42%,5,,,,,,,,
Cenk Tosun,Everton,Forward,5,,,0,,,0,0,0,0,,,,,,,,,,0,14,2.8,0,0,,,,1,0,1,0,0,0,0,0,0,0,0,0,0,0,0%,0,,,,,,,,
Andros Townsend,Crystal Palace,Midfielder,34,,,78,53%,,12,42,13,1,,177,178,177,44,3,19,,0,5,703,20.68,7,155,35%,2,18,0,0,28,2,1,0,1,0,0,0.03,0,0,36,11,31%,2,,,,,,,,
Bertrand Traore,Aston Villa,Forward,36,,,26,,,21,15,12,4,,,,,,,,,,6,700,19.44,6,102,,,,1,0,31,7,7,0,2,5,2,0.19,0,0,64,23,36%,4,,,,,,,,
Trezeguet,Aston Villa,Midfielder,21,,,33,55%,,9,19,13,8,,65,97,141,17,28,45,,0,1,288,13.71,5,26,15%,1,13,0,0,39,4,2,0,1,1,1,0.1,0,0,35,12,34%,5,,,,,,,,
Leandro Trossard,Brighton & Hove Albion,Forward,35,,,33,,,16,26,3,2,,,,,,,,,,5,998,28.51,6,83,,,,2,0,27,5,5,0,4,1,5,0.14,0,0,58,23,40%,5,,,,,,,,
Konstantinos Tsimikas,Liverpool,Defender,2,0,0,0,0%,0,0,0,0,0,0,0,0,3,0,0,2,0,0,0,5,2.5,0,2,0%,0,0,0,0,1,0,0,0,0,0,0,,,,,,,,,,,,,,,
Axel Tuanzebe,Manchester United,Defender,9,0,8,13,54%,0,0,3,15,6,0,30,21,15,0,6,5,1,0,0,263,29.22,0,0,0%,0,17,2,0,6,0,0,0,0,0,0,,,,,,,,,,,,,,,
Cengiz Under,Leicester City,Midfielder,9,,,4,25%,,7,2,0,0,,13,22,22,15,0,2,,0,2,111,12.33,3,16,19%,0,2,0,0,1,2,0,0,0,0,0,0,0,0,9,1,11%,0,,,,,,,,
Yan Valery,Southampton,Defender,3,0,4,5,60%,0,0,2,5,4,0,7,8,17,0,2,3,0,0,0,45,15,0,4,50%,0,1,0,0,1,0,0,0,0,0,0,,,,,,,,,,,,,,,
Patrick van Aanholt,Crystal Palace,Defender,22,4,36,35,63%,0,4,30,32,15,2,136,59,65,10,11,13,0,0,1,952,43.27,1,40,20%,0,30,2,0,11,3,0,0,0,0,0,,,,,,,,,,,,,,,
Donny van de Beek,Manchester United,Midfielder,19,,,15,67%,,0,6,6,1,,38,31,29,8,2,5,,0,1,273,14.37,1,0,0%,0,6,1,0,5,0,1,0,1,0,1,0.05,0,0,2,1,50%,0,,,,,,,,
Virgil van Dijk,Liverpool,Defender,5,1,11,3,67%,0,1,5,8,2,0,19,17,10,0,12,7,0,1,0,341,68.2,0,0,0%,0,28,1,0,4,1,1,1,0,0,0,,,,,,,,,,,,,,,
Jamie Vardy,Leicester City,Forward,34,,,18,,,15,4,31,18,,,,,,,,,,9,434,12.76,9,20,,,,1,0,26,36,15,1,13,1,4,0.44,8,0,82,38,46%,19,,,,,,,,
Joel Veltman,Brighton & Hove Albion,Defender,28,7,27,67,49%,0,3,33,60,28,0,140,166,123,18,42,38,0,0,1,"1,249",44.61,2,63,32%,0,69,3,0,34,0,1,0,0,1,0,,,,,,,,,,,,,,,
Jannik Vestergaard,Southampton,Defender,30,6,46,50,62%,1,3,42,119,70,0,146,166,98,7,98,56,0,0,0,"1,763",58.77,1,5,20%,0,109,3,1,19,0,3,3,0,0,1,,,,,,,,,,,,,,,
Vitinha,Wolverhampton Wanderers,Midfielder,19,,,7,43%,,2,3,1,1,,32,20,20,8,0,1,,0,1,330,17.37,1,14,29%,3,9,0,0,8,1,0,0,0,0,0,0,0,0,8,4,50%,1,,,,,,,,
Jake Vokins,Southampton,Defender,1,0,2,0,0%,0,0,0,0,0,0,0,0,3,0,0,0,0,0,0,13,13,0,3,33%,0,0,0,0,2,1,0,0,0,0,0,,,,,,,,,,,,,,,
Matej Vydra,Burnley,Forward,28,,,9,,,8,6,5,3,,,,,,,,,,2,236,8.43,4,3,,,,0,0,6,12,3,0,1,2,0,0.11,0,0,35,10,29%,7,,,,,,,,
Theo Walcott,Southampton,Forward,22,,,23,,,5,14,3,2,,,,,,,,,,3,400,18.18,1,29,,,,0,0,13,8,3,0,3,0,1,0.14,0,0,29,11,38%,2,,,,,,,,
Kyle Walker-Peters,Southampton,Defender,30,9,41,83,64%,1,7,38,51,29,0,189,187,162,46,16,41,0,1,2,"1,323",44.1,2,35,14%,0,32,4,0,33,7,0,0,0,0,1,,,,,,,,,,,,,,,
Aaron Wan-Bissaka,Manchester United,Defender,34,13,36,88,61%,1,1,62,61,32,0,182,174,126,34,38,37,0,0,4,"1,806",53.12,2,60,22%,0,27,3,0,31,1,2,0,2,0,0,,,,,,,,,,,,,,,
Joel Ward,Crystal Palace,Defender,26,7,43,43,58%,0,0,41,79,48,0,134,115,103,12,48,42,0,1,1,819,31.5,1,27,11%,0,34,5,0,32,1,0,0,0,0,1,,,,,,,,,,,,,,,
James Ward-Prowse,Southampton,Midfielder,38,,,75,65%,,7,42,52,20,,288,166,165,17,47,65,,0,7,"2,434",64.05,3,251,22%,1,78,5,0,45,0,8,0,8,0,3,0.21,3,4,43,24,56%,1,,,,,,,,
Ollie Watkins,Aston Villa,Forward,37,,,29,,,26,7,23,18,,,,,,,,,,5,804,21.73,8,22,,,,2,1,47,31,14,3,7,4,7,0.38,1,0,97,45,46%,13,,,,,,,,
Caleb Watts,Southampton,Midfielder,3,,,2,50%,,0,0,0,0,,2,4,5,0,1,3,,0,0,12,4,0,1,100%,0,0,1,0,0,0,0,0,0,0,0,0,0,0,0,0,0%,0,,,,,,,,
Adam Webster,Brighton & Hove Albion,Defender,29,9,35,29,55%,1,3,47,84,47,0,146,138,95,17,77,54,0,0,0,"1,838",63.38,0,1,0%,0,100,4,0,24,1,1,1,0,0,3,,,,,,,,,,,,,,,
Danny Welbeck,Brighton & Hove Albion,Forward,24,,,12,,,9,7,12,7,,,,,,,,,,1,258,10.75,6,3,,,,0,0,19,5,6,1,3,2,2,0.25,0,0,35,15,43%,9,,,,,,,,
Timo Werner,Chelsea,Forward,35,,,20,,,20,8,6,3,,,,,,,,,,8,779,22.26,10,35,,,,2,0,28,27,6,1,5,0,5,0.17,0,0,79,32,41%,18,,,,,,,,
Wesley,Aston Villa,Forward,3,,,0,,,0,0,0,0,,,,,,,,,,0,4,1.33,0,0,,,,0,0,0,0,0,0,0,0,0,0,0,0,1,1,100%,0,,,,,,,,
Ashley Westwood,Burnley,Midfielder,38,,,23,65%,,3,44,30,8,,244,92,106,13,14,23,,0,3,"2,044",53.79,9,182,25%,0,161,7,0,35,0,3,0,2,1,1,0.08,0,0,20,7,35%,0,,,,,,,,
Ben White,Brighton & Hove Albion,Defender,36,11,44,49,53%,1,6,62,50,23,0,186,131,130,24,49,50,0,0,0,"1,747",48.53,1,22,5%,1,84,3,1,30,1,0,0,0,0,0,,,,,,,,,,,,,,,
Georginio Wijnaldum,Liverpool,Midfielder,38,,,23,30%,,9,26,17,11,,198,120,117,34,39,37,,0,0,"1,757",46.24,1,6,17%,1,46,1,0,15,0,2,0,2,0,1,0.05,0,0,31,9,29%,1,,,,,,,,
Brandon Williams,Manchester United,Defender,4,0,3,0,0%,0,0,1,4,1,0,12,5,7,2,0,2,0,0,0,123,30.75,0,1,100%,0,2,0,0,2,0,0,0,0,0,0,,,,,,,,,,,,,,,
Willian,Arsenal,Forward,25,,,13,,,7,8,6,3,,,,,,,,,,5,677,27.08,5,104,,,,0,0,5,4,1,0,1,0,2,0.04,0,1,20,3,15%,1,,,,,,,,
Willian Jose,Wolverhampton Wanderers,Forward,17,,,2,,,3,1,12,6,,,,,,,,,,0,298,17.53,1,6,,,,0,0,8,2,1,0,1,0,0,0.06,0,0,19,7,37%,2,,,,,,,,
Joseph Willock,Arsenal,Midfielder,21,,,32,50%,,3,20,10,4,,71,97,115,26,19,22,,0,0,314,14.95,0,19,16%,0,10,1,0,15,0,8,2,3,3,0,0.38,0,0,23,13,57%,2,,,,,,,,
Harry Winks,Tottenham Hotspur,Midfielder,15,,,16,56%,,2,11,11,4,,60,39,35,4,7,5,,0,0,681,45.4,0,2,50%,0,26,5,0,11,0,0,0,0,0,0,0,0,0,4,1,25%,0,,,,,,,,
Chris Wood,Burnley,Forward,33,,,12,,,14,1,21,16,,,,,,,,,,3,653,19.79,2,7,,,,0,0,38,24,12,2,9,0,3,0.36,2,0,70,39,56%,19,,,,,,,,
Granit Xhaka,Arsenal,Midfielder,31,,,50,52%,,8,24,36,19,,203,134,121,8,39,36,,2,2,"2,189",70.61,2,12,25%,3,130,7,1,39,1,1,0,0,1,0,0.03,0,1,21,7,33%,0,,,,,,,,
Andriy Yarmolenko,West Ham United,Forward,15,,,5,,,3,1,1,0,,,,,,,,,,1,135,9,1,16,,,,3,0,8,5,0,0,0,0,0,0,0,0,7,2,29%,0,,,,,,,,
DeAndre Yedlin,Newcastle United,Defender,6,1,6,9,44%,0,1,7,14,4,0,16,18,13,1,4,2,0,0,0,135,22.5,0,13,8%,0,7,0,0,4,1,0,0,0,0,0,,,,,,,,,,,,,,,
Okay Yokuslu,West Bromwich Albion,Midfielder,16,,,38,66%,,3,35,32,17,,124,126,83,19,42,27,,0,1,530,33.13,1,2,0%,0,30,4,0,25,1,0,0,0,0,0,0,0,0,12,0,0%,1,,,,,,,,
Wilfried Zaha,Crystal Palace,Forward,30,,,26,,,23,9,1,0,,,,,,,,,,2,734,24.47,4,41,,,,6,0,32,22,11,0,10,1,2,0.37,2,0,60,20,33%,5,,,,,,,,
Andr√©-Frank Zambo Anguissa,Fulham,Midfielder,36,,,78,47%,,10,56,14,11,,220,264,221,96,63,39,,0,3,"1,416",39.33,4,13,31%,2,38,6,0,44,0,0,0,0,0,1,0,0,0,34,9,26%,0,,,,,,,,
Andi Zeqiri,Brighton & Hove Albion,Forward,9,,,3,,,3,0,2,1,,,,,,,,,,0,38,4.22,0,6,,,,0,0,2,0,0,0,0,0,0,0,0,0,7,2,29%,1,,,,,,,,
Oleksandr Zinchenko,Manchester City,Defender,20,,,25,60%,,7,23,25,17,,96,64,43,6,29,15,,0,0,"1,368",68.4,1,39,15%,0,30,0,0,9,1,0,0,0,0,0,0,0,0,16,4,25%,0,,,,,,,,
Hakim Ziyech,Chelsea,Midfielder,23,,,14,71%,,16,10,1,0,,68,53,83,19,5,18,,0,3,666,28.96,6,64,19%,5,25,3,0,19,4,2,0,0,2,1,0.09,0,0,35,13,37%,1,,,,,,,,
Kurt Zouma,Chelsea,Defender,24,9,25,16,63%,0,6,28,91,53,0,97,108,64,2,87,38,0,0,0,"1,775",73.96,0,0,0%,0,91,3,0,17,0,5,4,1,0,2,,,,,,,,,,,,,,,
Martin Odegaard,Arsenal,Midfielder,14,,,9,33%,,9,2,5,0,,40,33,39,13,3,13,,0,2,496,35.43,1,36,28%,2,13,0,0,1,1,1,0,0,1,0,0.07,0,0,15,3,20%,0,,,,,,,,
